姓(漢字),名(漢字),姓(かな),名(かな),性別,郵便番号,住所前半,住所後半,電話番号,血液型
伊藤,正明,いとう,まさあき,男,519-1710,伊賀市沖町３－１９－１０,,059-249-9119,A
川上,麻衣,かわかみ,まい,女,252-0129,相模原市緑区浦２－８,,042-857-9711,A
山口,聡,やまぐち,さとし,男,669-1250,西宮市北原町２－１１,,0797-67-1791,B
村田,真知子,むらた,まちこ,女,479-0880,常滑市野上町１７１６,,052-534-7253,O
松本,若菜,まつもと,わかな,女,680-0026,鳥取市西谷７６０,,0857-67-3702,AB
坂下,瑞穂,さかした,みずほ,女,103-0090,中央区大通南３８,,03-5864-3124,A
大和田,晴子,おおわだ,はるこ,女,899-3310,日置市立岩１６１１,,099-288-3049,A
朝倉,美和,あさくら,みわ,女,028-3200,花巻市江南１２,,019-901-1595,A
北川,勝太,きたがわ,しょうた,男,300-2380,つくばみらい市船戸２－３７,,029-351-1671,B
古谷,弘子,ふるや,ひろこ,女,470-0230,みよし市川上町２－１５,,052-534-4286,O
坂本,礼子,さかもと,れいこ,女,819-0061,福岡市西区喜多７１４,,092-540-1631,B
瀧口,千恵,たきぐち,ちえ,女,421-3198,静岡市清水区谷津８８,,054-390-7842,A
濱田,洋子,はまだ,ようこ,女,675-0030,加古川市美山町１－１８,エミグランド美山町３０１,079-405-7411,A
松井,美緒,まつい,みお,女,821-0010,嘉麻市本宮町３－４６,,092-540-4979,A
吉村,淳,よしむら,あつし,男,010-0097,秋田市稲荷町１６,,018-841-7864,A
中山,良子,なかやま,りょうこ,女,891-2173,垂水市富山８,,099-288-4269,A
落合,美代子,おちあい,みよこ,女,509-5400,土岐市丹生１－２５,ハイランド丹生４０３,058-331-9972,A
須藤,美恵子,すどう,みえこ,女,275-0063,習志野市坂元７５,,047-761-3262,A
林,美里,はやし,みさと,女,819-0061,福岡市西区日影１－５０,,092-540-6830,O
中村,久子,なかむら,ひさこ,女,510-0029,四日市市大橋町５４,,059-315-1351,A
高山,靖子,たかやま,やすこ,女,907-0055,石垣市古城町２－１０,,098-845-7546,AB
松本,聡美,まつもと,さとみ,女,437-1295,磐田市川北町２－２１,アドラブール川北町７０８,0538-70-5770,B
中村,麻里,なかむら,まり,女,882-0029,延岡市川内１－２５,タウンホーム川内８０２,0982-94-5089,B
梶本,広大,かじもと,こうだい,男,569-0029,高槻市川内５－２４,,06-6513-5923,O
林,健,はやし,けん,男,279-0040,浦安市元宮町３２５,プラザ加藤５０５,047-725-8019,AB
及川,明美,おいかわ,あけみ,女,292-0430,君津市黒沢１６５,山田マンション６０９,0438-99-6653,A
長瀬,渉,ながせ,わたる,男,099-3500,網走市門前４－１１－７,,0152-53-7185,B
小川,彩乃,おがわ,あやの,男,496-0077,愛西市三番町４２,,052-534-2752,A
小西,由香里,こにし,ゆかり,女,610-0029,京都市西京区有田５－２５,エミグランド有田９０３,075-609-7030,B
青山,順子,あおやま,じゅんこ,女,624-0107,舞鶴市東長町４－３１,,0773-80-7029,B
久保,将大,くぼ,まさひろ,男,211-0092,川崎市中原区高島１－２０－１９,,044-600-6580,O
佐藤,力也,さとう,りきや,男,263-0086,千葉市稲毛区幸町２－２９－５,,043-398-1414,B
横尾,亮,よこお,りょう,男,294-0830,南房総市南三条東１８２９,,0470-42-1815,B
小栗,勝己,おぐり,かつみ,男,645-0390,田辺市川端町３－３０－１１,,0739-67-8733,O
手塚,元,てづか,はじめ,男,361-0029,行田市大窪３－２,,048-801-1253,A
池田,和也,いけだ,かずや,男,476-0060,東海市谷地２９８,,052-534-6432,A
丹羽,由美,にわ,ゆみ,女,392-0051,諏訪市今西５－２１－２１,,0266-51-7476,O
川内,希,かわうち,のぞみ,女,226-0037,横浜市緑区宝２－３６,,045-626-8867,A
山口,麻衣子,やまぐち,まいこ,女,783-0050,南国市町屋町３２２,,088-836-9853,AB
久米,晃,くめ,あきら,男,389-2212,飯山市沖町１０８２,,0269-76-1434,A
塚田,聡子,つかだ,さとこ,女,557-0060,大阪市西成区中之庄町３２,,06-6513-8573,A
松永,勉,まつなが,つとむ,男,811-3129,古賀市渋谷１５２５,小林コーポ５０１,092-540-4751,B
渡辺,博子,わたなべ,ひろこ,女,224-0082,横浜市都筑区宮田町５－３４,,045-626-1845,AB
森本,光一,もりもと,こういち,男,400-0529,南巨摩郡富士川町上和田２－４,,055-248-3337,O
平田,正義,ひらた,まさよし,男,014-0085,大仙市松葉町２－３４,,018-841-7188,A
竹村,孝志,たけむら,たかし,男,233-0029,横浜市港南区上市４－２２－２６,,045-626-7257,AB
中村,美里,なかむら,みさと,女,018-3329,北秋田市加納町５－３,,018-841-2661,A
水原,毅,みずはら,つよし,男,336-0014,さいたま市南区新庄１４６６,,048-801-8542,O
森,龍二,もり,りゅうじ,男,030-1210,東津軽郡蓬田村ひばりが丘４－１５－７,パラシオンひばりが丘８０６,017-748-7226,O
島袋,典子,しまぶくろ,のりこ,女,709-4329,勝田郡勝央町平塚３－１,,086-260-7837,A
長谷川,英二,はせがわ,えいじ,男,045-0299,古宇郡神恵内村門前８６,,011-469-4432,A
西川,春樹,にしかわ,はるき,女,100-1372,御蔵島村榊町１－２,,04994-7-1792,A
日比野,豊,ひびの,ゆたか,男,792-0018,新居浜市沓掛８２,,0897-50-7486,O
井川,雅人,いがわ,まさと,男,904-1130,うるま市平沢１９７２,,098-845-5383,A
渡辺,真由美,わたなべ,まゆみ,女,481-0029,北名古屋市荒屋１４４１,ファミール荒屋６０５,052-534-8251,B
石田,有希,いしだ,ゆき,女,201-0029,狛江市南方５－１０,,03-5864-6118,O
牧野,瞳,まきの,ひとみ,女,834-0092,八女市三ツ屋町９７,エスベランサ三ツ屋町８０６,0943-44-7608,O
大島,智則,おおしま,とものり,男,559-0030,大阪市住之江区中村町２－２６－１０,,06-6513-4425,A
野田,美由紀,のだ,みゆき,女,251-0029,藤沢市中沼２４９,,0466-94-1689,A
河合,梢,かわい,こずえ,女,448-0010,刈谷市八日町２６,,0566-51-5284,A
村上,優希,むらかみ,ゆうき,女,004-0029,札幌市厚別区藤川５－２０,,011-469-3371,AB
小林,佳子,こばやし,よしこ,女,879-1529,速見郡日出町横手７５,,097-564-9284,B
金子,義人,かねこ,よしと,男,185-0020,国分寺市田原９８,,042-206-6914,O
小林,奈津美,こばやし,なつみ,女,040-0029,函館市吉木２－２０－２４,,0138-79-3134,O
安井,徹,やすい,とおる,男,389-2212,飯山市緑ケ丘３－１８,,0269-76-6127,AB
河村,裕子,かわむら,ゆうこ,女,818-0129,太宰府市長屋４－１３－１８,,092-540-4403,B
町田,克也,まちだ,かつや,男,577-0076,東大阪市富岡３２,,06-6513-4088,O
大山,徹,おおやま,とおる,男,304-0008,下妻市梅ノ木４－１０－２４,,029-351-2797,A
菅原,千穂,すがわら,ちほ,女,456-0082,名古屋市熱田区大工町１００,,052-534-9290,O
谷,一郎,たに,いちろう,男,950-0029,新潟市江南区稲葉町２－７,山田団地３０９,025-323-5216,O
笠松,貴子,かさまつ,たかこ,女,545-6089,大阪市阿倍野区駅前３－１０－６,,06-6513-5122,A
高橋,ひろ子,たかはし,ひろこ,女,964-0020,二本松市観音町５－１９,,0243-75-3107,A
百田,光子,ももた,みつこ,女,899-2100,いちき串木野市木戸町４－２９－１１,,099-288-8287,O
竹内,由紀子,たけうち,ゆきこ,女,864-0029,荒尾市追分１４０９,,096-266-9148,A
関口,亮介,せきぐち,りょうすけ,男,936-0010,滑川市土田１－１０,,076-450-2897,B
伊沢,美穂子,いざわ,みほこ,女,289-1129,八街市菅沢４－１５－４,,043-398-5869,B
米田,康介,よねだ,こうすけ,男,649-6229,岩出市深谷町２－９－２６,グローリー７０５,0736-84-1109,A
沖田,瞳,おきた,ひとみ,女,692-0730,安来市高畠１－２８－２４,,0854-29-7831,A
山下,仁美,やました,ひとみ,女,431-3370,浜松市天竜区池尻１９４１,コーポ森８０７,053-552-2898,A
須藤,有希子,すどう,ゆきこ,女,517-0029,鳥羽市板谷４－５,,0599-31-2287,B
麻生,健一,あそう,けんいち,男,879-2492,津久見市高柳４－８－２３,,097-564-1278,A
増田,賢一,ますだ,けんいち,男,201-0039,狛江市柴崎２－１６－２８,,03-5864-9687,A
井川,圭子,いがわ,けいこ,女,349-0140,蓮田市松山２－６－５,,048-801-3838,A
内田,明美,うちだ,あけみ,女,730-0073,広島市中区沼沢４－２４,,082-808-9940,AB
西本,義人,にしもと,よしと,男,915-0029,越前市寺島１８１９,,0776-48-8059,O
菅原,健次,すがわら,けんじ,男,327-0051,佐野市南山町１４２８,,0283-73-7129,O
小田,勝,おだ,まさる,男,103-0090,中央区小浦１－１２－５,ガーデン清水３０５,03-5864-4357,A
山口,朋子,やまぐち,ともこ,女,194-0029,町田市油井４－３２,,042-857-5366,O
杉山,大樹,すぎやま,ひろき,男,135-0176,品川区山屋５０６,,03-5864-4641,O
長谷,ひろ子,ながたに,ひろこ,女,899-3610,南さつま市白金町２－２５－２３,プランドール白金町４０５,099-288-7670,A
高谷,真衣,たかや,まい,女,252-0041,座間市竹田５－９－１５,,045-626-7310,A
八木,梢,やぎ,こずえ,女,068-0070,岩見沢市若竹町２８,,0126-48-4313,B
三上,祐太,みかみ,ゆうた,男,958-0050,村上市東谷５－７－２,,0254-71-4609,A
筒井,和樹,つつい,かずき,男,783-0050,南国市久保田町７２５,,088-836-8901,A
渡辺,茜,わたなべ,あかね,女,800-0066,北九州市門司区宮後１４７２,,093-607-1822,O
加藤,由佳,かとう,ゆか,女,879-6288,豊後大野市向陽５－８,,097-564-8406,A
山岸,麻衣,やまぎし,まい,女,447-0080,碧南市中田町１１７２,,052-534-1229,AB
栗林,直也,くりばやし,なおや,男,626-0091,宮津市宮里４－２９－７,,0772-49-6719,AB
井上,裕子,いのうえ,ゆうこ,女,490-1165,海部郡大治町湊１－４－１１,,052-534-6430,A
辻本,太郎,つじもと,たろう,男,993-0055,長井市東原町２－１３,,0238-71-9441,A
片山,博志,かたやま,ひろし,男,699-5130,益田市成沢２２,山口アパート１０８,0856-43-5787,B
内田,竜也,うちだ,たつや,男,273-0162,鎌ケ谷市下之町４－３９,エーデルハイム下之町２０８,047-761-5421,A
浜田,清,はまだ,きよし,男,901-2246,宜野湾市氷川町６６,,098-845-5264,B
安田,剛,やすだ,たけし,男,380-0849,長野市野６０１,,026-404-8356,B
望月,望,もちづき,のぞむ,女,428-0329,榛原郡川根本町植田３３,,0548-68-8567,A
石黒,慶子,いしぐろ,けいこ,女,733-0029,広島市西区新川町４－２－１７,,082-808-8167,A
森本,浩,もりもと,ひろし,男,351-0126,和光市金沢町２－１６－２３,,048-801-3511,A
北川,翔平,きたがわ,しょうへい,男,413-0140,伊東市大宮町２－２１－１,アメニティ大宮町３０３,0557-63-7336,A
山田,浩美,やまだ,ひろみ,女,180-0077,武蔵野市船越３６,,0422-94-6298,A
久保田,真理,くぼた,まり,女,757-0010,山陽小野田市西浜１－２５,,083-930-3705,A
富岡,恵子,とみおか,けいこ,女,480-1230,瀬戸市三宅町１２０６,,0561-91-2301,AB
山口,美和,やまぐち,みわ,女,186-0029,国立市竹島町２－２９－１２,,042-804-4764,O
岡本,昌子,おかもと,まさこ,女,731-0300,広島市安佐北区小松町１０２,,082-808-1798,O
小林,朱美,こばやし,あけみ,女,464-0870,名古屋市千種区星が丘３９９,セントラル星が丘２０８,052-534-9961,AB
田中,龍,たなか,りゅう,男,284-0029,四街道市長田１０００,,043-398-2780,A
増山,貴史,ますやま,たかふみ,男,859-4830,平戸市大谷口１１２５,,0950-69-4145,A
前田,実,まえだ,みのる,男,411-0068,駿東郡清水町小室２－９－３,,054-390-9933,O
金原,慶子,かねはら,けいこ,女,950-0910,新潟市東区岬町１－４８,,025-323-5742,AB
村田,友里,むらた,ゆり,女,904-1130,うるま市平沢６９,,098-845-6273,O
水島,啓子,みずしま,けいこ,女,028-0327,遠野市一色３－２７,,0198-73-8755,O
黛,和真,まゆずみ,かずま,男,653-0029,神戸市長田区前山４－１６,,078-540-3559,A
大岡,陽子,おおおか,ようこ,女,294-0089,館山市新通４４１,,0470-42-3171,A
前田,美穂,まえだ,みほ,女,430-0879,浜松市南区前山１－２１,,053-552-8746,O
土田,唯,つちだ,ゆい,女,356-0070,ふじみ野市沖町４－２７－１,ヴェルグ中村９０４,048-801-9057,A
櫻井,竜也,さくらい,たつや,男,667-0029,養父市勝山５－１９－２１,,078-540-7584,O
川島,詩織,かわしま,しおり,女,804-0090,北九州市戸畑区清原２－１０－５,,093-607-4376,O
中島,礼子,なかじま,れいこ,女,154-0029,世田谷区富永３－１,,03-5864-8929,O
宮本,静香,みやもと,しずか,女,216-0029,川崎市宮前区徳田１－９－１１,,044-600-8125,A
藤岡,義男,ふじおか,よしお,男,879-4200,日田市大場５－３４,,0973-42-7582,O
大島,茜,おおしま,あかね,女,444-0374,西尾市白木町１４５,,0563-60-7160,A
新井,歩美,あらい,あゆみ,女,899-3205,鹿児島市打越１２５３,,099-288-7533,O
杉田,修,すぎた,おさむ,男,861-1137,合志市府中１３３,,096-266-3147,O
相沢,奈緒,あいざわ,なお,女,503-1529,不破郡関ケ原町光が丘５３,,058-331-9078,AB
西尾,緑,にしお,みどり,女,619-1150,木津川市日の出８４,,075-609-6121,A
徳永,圭子,とくなが,けいこ,女,028-3200,花巻市竹内３９,,019-901-7863,O
宮澤,俊介,みやざわ,しゅんすけ,男,454-0029,名古屋市中川区野原７０４,,052-534-8070,A
山本,貴之,やまもと,たかゆき,男,503-0332,海津市船木１６３０,,058-331-8023,B
山口,秀昭,やまぐち,ひであき,男,942-0070,上越市昭和町８,,025-516-4968,B
大塚,舞,おおつか,まい,女,567-0050,茨木市日影２－４９,,072-614-6119,O
千葉,舞,ちば,まい,女,475-0050,半田市曽根町２－１５－１６,,0569-75-1715,A
渡辺,麻衣,わたなべ,まい,女,311-4530,常陸大宮市高島２－４－１９,ウインドワード高島１０３,029-351-1394,B
福田,亜美,ふくだ,あみ,女,311-2247,鹿嶋市高岡１９９０,,029-351-6373,O
福山,健司,ふくやま,けんじ,男,020-0629,滝沢市城山町４３３,,019-901-5660,A
山田,琢也,やまだ,たくや,男,350-2273,鶴ヶ島市平１７０７,,048-801-9408,O
柘植,晋,つげ,すすむ,男,421-0480,牧之原市三島町９２,,054-390-3450,O
中島,恵美,なかじま,めぐみ,女,770-0069,徳島市みずほ４９,,088-640-1488,B
本田,雅,ほんだ,みやび,女,276-0070,八千代市白銀５－２０－４,,047-761-4066,A
藤野,隼人,ふじの,はやと,男,134-0090,江戸川区弥生３－２－１９,,03-5864-4864,AB
馬場,恵美,ばば,めぐみ,女,771-2130,美馬市麻生９３９,,088-640-8498,A
栗田,大介,くりた,だいすけ,男,245-0060,横浜市泉区曙２０８,ハイツ松本３０７,045-626-7168,O
木村,静香,きむら,しずか,女,094-0063,紋別市長田４－２９,,0158-34-3509,O
平野,真理,ひらの,まり,女,171-0050,豊島区豊里５９１,,03-5864-3688,A
菊地,晃,きくち,あきら,男,474-0016,大府市鍋田２－８－１０,,052-534-9987,A
橋本,大,はしもと,だい,男,099-6240,紋別市千年１６１９,加藤コーポ２０４,0158-34-5079,A
山田,貴彦,やまだ,たかひこ,男,536-0029,大阪市城東区野町９４,,06-6513-5953,AB
日比野,慶子,ひびの,けいこ,女,222-0029,横浜市港北区森町５－３６,,045-626-6788,B
原田,康雄,はらだ,やすお,男,100-1700,青ヶ島村豊川２,,04996-5-2761,B
佐藤,浩美,さとう,ひろみ,女,403-0071,富士吉田市川向４－２６－２２,,055-248-3405,O
坂下,陽一,さかした,よういち,男,554-0055,大阪市此花区城南町３－４,,06-6513-8885,A
秋山,悠,あきやま,ゆう,男,708-0392,苫田郡鏡野町浅川１－２４－２,,086-260-8150,B
佐野,健,さの,けん,男,549-0030,泉佐野市灰塚１７７０,,06-6513-8407,O
川上,稔,かわかみ,みのる,男,891-6230,大島郡喜界町坂口７８３,,099-288-3200,B
田中,千恵,たなか,ちえ,女,897-0043,南さつま市寺尾１２９３,,099-288-9428,A
佐々木,ひろ子,ささき,ひろこ,女,616-8490,京都市右京区千代田１６,,075-609-9915,B
武田,瑠衣,たけだ,るい,女,297-0229,長生郡長柄町白沢１－３０,,043-398-3040,B
金子,光代,かねこ,みつよ,女,196-0030,昭島市泉沢３－１８－２１,,042-804-1991,O
北沢,真理,きたざわ,まり,女,306-0569,坂東市浦４－１７－２,,029-351-8608,A
中村,馨,なかむら,かおる,女,362-0029,上尾市長沢町５６,,048-801-5954,O
岡部,希,おかべ,のぞみ,女,300-0150,かすみがうら市長沢町８４,,029-351-9745,A
石川,歩,いしかわ,あゆみ,女,421-3130,静岡市清水区大林７１,,054-390-8313,A
吉岡,陽子,よしおか,ようこ,女,818-0029,筑紫野市八町２－２２,,092-540-8703,O
横尾,美恵子,よこお,みえこ,女,507-0098,多治見市大瀬１５２１,,0572-75-8321,A
横山,梨紗,よこやま,りさ,女,483-8430,江南市乾町８６２,,052-534-8459,AB
大島,圭吾,おおしま,けいご,男,640-0436,紀の川市上田１４５３,,073-438-6089,B
横山,千恵,よこやま,ちえ,女,071-1470,上川郡東川町中山５９,,011-469-6585,A
塚田,隆,つかだ,たかし,男,840-0067,佐賀市大通り６８２,,0952-85-8803,O
神田,小百合,かんだ,さゆり,女,727-0062,庄原市日出２－９,,0824-79-2780,B
表,智子,おもて,ともこ,女,307-0088,結城市五反田９８,高橋ハイツ４０７,029-351-8586,A
辻本,寛,つじもと,ひろし,男,519-0610,伊勢市みどり町１５４８,,0596-51-2351,A
鈴木,遥,すずき,はるか,女,787-0245,土佐清水市金田町５－１７－２９,,088-836-9700,A
上田,健一郎,うえだ,けんいちろう,男,364-0015,北本市今町４０,,048-801-6777,B
佐野,ゆう子,さの,ゆうこ,女,329-1384,さくら市三条３－１９－１６,,028-697-5368,O
伊藤,佳代,いとう,かよ,女,901-0372,糸満市西三条南２－１８－９,,098-845-6485,A
菊池,千尋,きくち,ちひろ,女,549-0030,泉佐野市泉ケ丘３－２３－２７,,06-6513-7817,A
金沢,由美,かなざわ,ゆみ,女,840-0030,佐賀市大道３－１２,鈴木ハイツ１０６,0952-85-5830,B
小川,巧,おがわ,たくみ,男,441-1350,新城市日の出１－３５,,0536-21-6699,B
吉永,宏太,よしなが,こうた,男,290-0017,市原市真光寺１２７１,,0436-59-5654,AB
柴田,里沙,しばた,りさ,女,509-8230,恵那市横手５０,ハイツ森８０８,0573-37-5453,B
久保,由実,くぼ,ゆみ,女,804-0090,北九州市戸畑区牛島２－１－１１,,093-607-1200,O
村山,誠一郎,むらやま,せいいちろう,男,503-2436,揖斐郡池田町松尾４４,加藤コーポ１０１,058-331-6532,B
中川,彩,なかがわ,あや,女,254-0029,平塚市黒崎１－１０,サニーハイツ黒崎２０４,0463-48-8172,O
田中,由紀,たなか,ゆき,女,784-0011,安芸市岩倉町２－２２－１１,,088-836-1634,O
川村,奈緒美,かわむら,なおみ,女,660-0029,尼崎市桜川５－１６,,078-540-6983,B
三谷,和宏,みたに,かずひろ,男,028-6410,九戸郡軽米町五日市４－１８,,019-901-6291,O
進藤,正,しんどう,ただし,男,989-2429,岩沼市北山町１４５２,,022-729-2183,O
柳川,裕也,やながわ,ゆうや,男,761-2130,綾歌郡綾川町菊水４８,,087-852-4411,O
嶋田,里沙,しまだ,りさ,女,787-0045,四万十市稲葉町６６,,088-836-7211,A
福本,晃,ふくもと,あきら,男,954-0110,見附市大原７２４,,025-323-8076,AB
藤川,千秋,ふじかわ,ちあき,女,332-0050,川口市野間２－１４－１５,,048-403-8808,A
加藤,憲,かとう,けん,男,964-0020,二本松市西大沼１００２,,0243-75-1978,O
佐藤,和彦,さとう,かずひこ,男,517-0029,鳥羽市大林４－１６－１６,,0599-31-8376,AB
高橋,司,たかはし,つかさ,男,048-1514,虻田郡ニセコ町藤巻２－１,,011-469-5210,A
萩原,亜希子,はぎわら,あきこ,女,810-0087,福岡市中央区大正町１－１１－２,,092-540-6248,A
川井,薫,かわい,かおる,女,104-6289,中央区山谷１０,ドミール佐藤２０７,03-5864-1155,O
松本,典子,まつもと,のりこ,女,340-0847,八潮市生田４－１２,,048-801-7935,A
片平,智恵,かたひら,ちえ,女,586-0029,河内長野市妙見町５－２６－１２,,06-6513-3870,O
篠田,直子,しのだ,なおこ,女,061-2300,札幌市南区卸本町１１３,,011-469-6944,A
三浦,梨奈,みうら,りな,女,835-0065,みやま市久保田町３－２５－２６,,092-540-5756,A
矢部,勇介,やべ,ゆうすけ,男,448-0010,刈谷市美沢３－１３,,0566-51-9404,B
宮内,友信,みやうち,とものぶ,男,485-0010,小牧市中里９０８,,052-534-4514,A
小野,純,おの,じゅん,男,354-0029,富士見市富士見が丘１００,,048-801-6265,A
大久保,聖子,おおくぼ,せいこ,女,018-3329,北秋田市伊賀町６４,,018-841-3406,O
高村,由佳,たかむら,ゆか,女,404-0030,山梨市円山１６８,,0553-67-8499,O
島村,有美,しまむら,ゆみ,女,651-2410,神戸市西区小竹６６８,,078-540-8992,A
徳川,康弘,とくがわ,やすひろ,男,197-0018,福生市北条３－２９－１１,,042-804-5226,O
片山,真由美,かたやま,まゆみ,女,529-1570,東近江市元浜町１８０２,,077-550-5570,AB
八木,祥子,やぎ,しょうこ,女,816-0034,春日市湯原５６,,092-540-1951,B
西山,正隆,にしやま,まさたか,男,927-2185,輪島市万代町２－１３,,0768-41-2799,B
佐藤,友香,さとう,ゆか,女,257-0009,秦野市曙町１－６－１７,,045-626-8075,A
大野,久美子,おおの,くみこ,女,505-0188,可児市上新田２８,,058-331-3033,A
佐藤,健太郎,さとう,けんたろう,男,445-0890,西尾市城東８７０,高橋アパート１０６,0563-60-7429,O
立石,幸雄,たていし,ゆきお,男,395-0654,下伊那郡平谷村西中町４－５,,026-404-4693,O
伊原,美咲,いはら,みさき,女,014-0085,大仙市石神４－１１,,018-841-6746,A
荒木,敏之,あらき,としゆき,男,563-0830,伊丹市浦８３３,グリーンコーポ浦８０６,078-540-4195,O
渡邊,杏奈,わたなべ,あんな,女,960-1450,伊達郡川俣町長屋８２１,,024-579-1972,A
杉山,翔,すぎやま,しょう,男,853-0072,五島市あけぼの町５－９,,095-867-9926,A
新藤,直美,しんどう,なおみ,女,049-0439,上磯郡木古内町大塚３－２１,,011-469-4426,A
小野,洋子,おの,ようこ,女,730-0006,広島市中区二ツ屋３５,,082-808-1119,B
佐藤,貴裕,さとう,たかひろ,男,077-0350,石狩市西河内４－７－１３,,0133-69-1770,A
小柳,花音,こやなぎ,かのん,女,917-0029,小浜市長井３０,,0770-66-1704,B
佐久間,哲,さくま,さとし,男,804-0080,北九州市戸畑区川東２－１９－２０,,093-607-3848,B
川村,正浩,かわむら,まさひろ,男,220-0008,横浜市西区城北町５－３５,,045-626-8928,O
藤波,秀一,ふじなみ,しゅういち,男,607-0029,京都市山科区小竹３４,,075-609-1724,B
山田,敦子,やまだ,あつこ,女,708-0010,津山市岩谷１－４６,,0868-50-8538,A
坂田,正義,さかた,まさよし,男,503-2450,揖斐郡池田町東五条南１９４４,,058-331-8937,O
松平,加奈,まつだいら,かな,女,975-0030,南相馬市天神５－３１,ガーデンハイツ３０３,024-579-4329,A
石川,佳子,いしかわ,よしこ,女,401-0249,上野原市山本町１４７８,,055-248-7173,B
黒川,康平,くろかわ,こうへい,男,629-0340,南丹市和田１－１３,,075-609-2720,A
関口,智,せきぐち,さとし,男,311-0303,常陸太田市城南町９８,,029-351-7456,A
山内,翔太,やまうち,しょうた,男,501-3710,美濃市神野１００,,058-331-3718,A
村上,誠,むらかみ,まこと,男,925-0029,羽咋市瀬戸町３５８,,0767-39-9301,O
石原,聡,いしはら,そう,男,382-0088,須坂市東中１３９６,,026-404-1651,A
周,久美,しゅう,くみ,女,483-8430,江南市上和田１－６－２７,,052-534-6772,A
森本,秀樹,もりもと,ひでき,男,901-2229,宜野湾市河田町７８,,098-845-1931,B
森田,英子,もりた,えいこ,女,848-0430,松浦市小浦３－２２－１３,,095-867-4208,B
佐々木,菜摘,ささき,なつみ,女,989-3430,仙台市青葉区瑞穂町６８,,022-729-3284,AB
板垣,晴子,いたがき,はるこ,女,244-0926,横浜市栄区馬渡３２９,,045-626-8255,B
田中,裕二,たなか,ゆうじ,男,033-0029,三沢市鍛治屋町９,清水マンション８０６,017-748-6825,A
内田,亮,うちだ,りょう,男,981-3150,仙台市泉区千歳町８０,,022-729-4402,A
小池,一生,こいけ,いっせい,男,536-0029,大阪市城東区岡田町１－１２,,06-6513-2742,A
久保田,省吾,くぼた,しょうご,男,410-2419,伊豆市杉本町４－２９,,054-390-1722,B
本間,要,ほんま,かなめ,男,400-0040,甲府市井上５４,,055-248-5038,AB
渡辺,正和,わたなべ,まさかず,男,366-0050,深谷市寺島５２,ハイツ加藤５０９,048-801-4272,AB
鈴木,俊夫,すずき,としお,男,013-0029,横手市田野５－３３,,0182-72-2919,O
小野,清,おの,きよし,男,956-0029,新潟市秋葉区川向１４７０,,025-323-8405,A
浜田,奈津美,はまだ,なつみ,女,010-0427,男鹿市安田町１１４３,インペリアル安田町５０５,0185-36-9520,B
竹村,真一郎,たけむら,しんいちろう,男,421-0430,牧之原市寺沢５－３４,,054-390-9828,A
山崎,美子,やまざき,よしこ,女,842-0018,神埼市松山４－２２,,0952-85-8392,B
田中,涼子,たなか,りょうこ,女,690-0029,松江市千鳥町３－２９－２０,,0852-79-5230,O
宇野,純子,うの,じゅんこ,女,675-0029,加西市谷田９９,,078-540-5790,O
岡部,玲,おかべ,れい,男,682-0950,倉吉市小山１－２７－２０,,0858-54-6524,AB
竹田,圭,たけだ,けい,男,610-0120,城陽市浜町２４７,,075-609-6220,A
杉浦,敦士,すぎうら,あつし,男,572-0090,寝屋川市高美町８２,,072-383-8026,A
河口,裕二,かわぐち,ゆうじ,男,959-0197,燕市神戸町４－６－２２,,025-323-5745,B
大谷,英之,おおたに,ひでゆき,男,901-2130,浦添市西久保３－１７－１１,,098-845-7123,A
川村,由実,かわむら,ゆみ,女,150-0065,渋谷区成田町２７,,03-5864-3153,O
橋本,達夫,はしもと,たつお,男,028-8710,久慈市羽衣町１１８９,,0194-51-5775,A
島,亜矢子,しま,あやこ,女,377-0036,渋川市寿１７,,0279-45-6660,B
吉原,道子,よしはら,みちこ,女,701-4266,瀬戸内市湯原４－１１－２１,,086-260-3890,O
関口,由美子,せきぐち,ゆみこ,女,014-0348,仙北市富士町１－２６－１７,,018-841-4747,A
平山,明,ひらやま,あきら,男,657-0020,神戸市灘区池田町９９,パーク中村１０３,078-540-2941,O
森脇,健太,もりわき,けんた,男,336-0929,さいたま市緑区内町９５５,グローリー４０３,048-801-6285,A
萩原,秀雄,はぎわら,ひでお,男,391-0300,茅野市成田１－１７,,026-404-4278,A
柳原,和美,やなぎはら,かずみ,女,020-0029,盛岡市光３－３０,,019-901-7408,O
大木,芳雄,おおき,よしお,男,470-0129,日進市代官町１－１７－１１,,052-534-5606,A
八代,夏子,やしろ,なつこ,女,520-3062,栗東市長嶺９１,,077-550-6008,AB
伊藤,理恵,いとう,りえ,女,294-0050,館山市柿原６１,,0470-42-8853,O
柴田,守,しばた,まもる,女,501-2330,山県市神野２－３７,,058-331-7092,O
大村,明日香,おおむら,あすか,女,007-0022,札幌市東区明神町２－１５－２７,,011-469-9143,B
小島,桃,こじま,もも,女,023-0029,奥州市桜９３,,019-901-2675,AB
浅沼,陽介,あさぬま,ようすけ,男,899-1740,阿久根市南山１－２５,,099-288-2313,O
中江,貢,なかえ,みつぐ,男,197-0830,あきる野市東六条北４－１８－２０,,042-618-1759,O
本多,博之,ほんだ,ひろゆき,男,014-0329,仙北市小野４－３４,,018-841-4260,A
大田,諒,おおた,りょう,男,463-0050,名古屋市守山区高島５－２２,,052-534-4434,A
山本,直美,やまもと,なおみ,女,451-0029,名古屋市西区八島町２４３,,052-534-6119,B
野村,夏希,のむら,なつき,女,282-0019,成田市鮎川４５,,0476-63-6789,O
宮川,亜希子,みやがわ,あきこ,女,964-0020,二本松市小沢４－９,,0243-75-1047,A
川崎,恵美,かわさき,えみ,女,023-0029,奥州市白岩７２,,019-901-9038,A
池端,舞,いけはた,まい,女,364-0015,北本市西島１７,,048-801-4486,B
大崎,直人,おおさき,なおと,男,979-2460,南相馬市豊里４９６,山田団地７０２,024-579-1192,O
安部,美和,あべ,みわ,女,344-0098,春日部市東一条４－４８,,048-801-4572,O
植木,洋一,うえき,よういち,男,500-0017,岐阜市三条１０,,058-331-2582,B
赤井,真紀,あかい,まき,女,509-7173,恵那市宮前町１－１６,,0573-37-5883,O
鳩山,俊,はとやま,しゅん,男,033-0139,上北郡六戸町村上４－４,,017-748-6587,A
原田,直美,はらだ,なおみ,女,679-0320,西脇市北原町１４１８,,0795-41-8848,AB
橋本,智之,はしもと,ともゆき,男,901-3739,島尻郡粟国村大浜町５－６－３０,,098-845-6024,O
小林,美智子,こばやし,みちこ,女,811-3492,宗像市神代４－１８,,0940-70-3988,B
渡邉,満,わたなべ,みつる,男,768-0030,観音寺市豊浜５１９,シャトレー豊浜５０９,0875-60-7794,A
三井,和美,みつい,かずみ,女,805-0070,北九州市八幡東区落合１－５,,093-607-5138,A
森川,知子,もりかわ,ともこ,女,859-1507,南島原市西五条北５７９,,095-867-3451,O
鈴木,香織,すずき,かおり,女,879-2680,津久見市今川３－１１,,097-564-5416,O
熊谷,悦子,くまがい,えつこ,女,044-0458,伊達市浅井７０４,,011-469-3040,A
南,洋平,みなみ,ようへい,男,441-1350,新城市栃原５－１１,,0536-21-1203,AB
高岡,昇,たかおか,のぼる,男,270-0251,野田市西脇１－１４－２９,山本ハイツ５０３,04-7109-2458,B
佐野,慶子,さの,けいこ,女,410-2419,伊豆市吉木８４,,054-390-7682,A
本橋,道子,もとはし,みちこ,女,428-0210,島田市北園町３－２１－９,,0547-69-7034,O
松井,文子,まつい,ふみこ,女,602-0050,京都市上京区大柳町１－３１,,075-609-4820,O
長谷川,俊二,はせがわ,しゅんじ,男,989-0930,柴田郡川崎町松尾９５,,022-729-9057,B
市川,信夫,いちかわ,のぶお,男,300-1229,牛久市秋田５－６－１５,,029-351-2055,B
中嶋,直人,なかじま,なおと,男,744-0050,下松市今町３－４８,,0833-60-3158,O
大島,泉,おおしま,いずみ,女,901-3739,島尻郡粟国村宮１６３１,,098-845-2190,A
山内,大和,やまうち,やまと,男,707-0529,英田郡西粟倉村南中６５,,086-260-8549,B
加藤,敦子,かとう,あつこ,女,510-0267,鈴鹿市美山町１－４４,,059-249-6102,A
高橋,聡子,たかはし,さとこ,女,386-0617,小県郡長和町瀬戸３－４０,,026-404-2676,A
田中,志穂,たなか,しほ,女,926-0039,七尾市宮下７４,セントラル宮下８０８,0767-71-9934,A
永島,太郎,ながしま,たろう,男,966-0029,喜多方市中山町６,,024-579-8786,A
北川,和彦,きたがわ,かずひこ,男,547-0080,大阪市平野区領家４－６,,06-6513-9329,O
山崎,和子,やまざき,かずこ,女,811-3492,宗像市平川４,,0940-70-8016,AB
岡野,千春,おかの,ちはる,女,714-1430,井原市永野１－２９－１５,,0866-76-8304,O
渡邉,透,わたなべ,とおる,男,319-1529,北茨城市神明１－３４,フォンテーヌ神明７０５,029-351-9248,B
渡辺,秀子,わたなべ,ひでこ,女,436-0050,掛川市村上２－２３－１４,,0537-65-2621,O
高山,正浩,たかやま,まさひろ,男,701-0329,都窪郡早島町小貫５－１２,,086-260-1430,O
高野,香織,たかの,かおり,女,701-0329,都窪郡早島町塩浜１３３０,タウンコート塩浜６０５,086-260-4160,A
高田,智子,たかだ,ともこ,女,039-3523,青森市増田２－２８－２３,,017-748-6608,O
横山,愛,よこやま,あい,女,480-1191,長久手市広瀬町７２,,052-534-1406,AB
河野,未来,こうの,みらい,女,214-0029,川崎市多摩区奥野１－４６,,044-600-1785,A
加藤,弘明,かとう,ひろあき,男,587-0029,堺市美原区上野山５－２８－２８,,06-6513-7716,A
岡田,美穂,おかだ,みほ,女,551-0069,大阪市大正区春日町４－２９,,06-6513-3722,A
本田,哲郎,ほんだ,てつろう,男,285-0097,佐倉市千刈２－２７－１５,,043-398-8665,A
永井,憲治,ながい,けんじ,男,186-0051,国立市二本木３－２３－２４,アーバンライフ二本木２０８,042-804-9473,A
吉田,茂,よしだ,しげる,男,501-6210,羽島市岩木３－３９,,058-331-9012,AB
東,恵,あずま,めぐみ,女,059-0075,登別市仮屋７９,コーポ森７０４,011-469-2471,A
梅田,拓也,うめだ,たくや,男,519-0129,亀山市長井５６,,0595-91-1256,O
小山,杏里,おやま,あんり,女,629-2250,宮津市月見町５－１０－１９,,0772-49-6191,O
藤原,美奈子,ふじわら,みなこ,女,881-1230,西都市江川町８９５,,0985-91-6724,O
西山,正隆,にしやま,まさたか,男,068-0070,岩見沢市東四条南２－５－１９,,0126-48-6120,B
長谷部,久美子,はせべ,くみこ,女,285-0029,佐倉市一色２－１９－８,,043-398-7807,B
岡田,愛子,おかだ,あいこ,女,297-0050,茂原市西浜１７４４,,0475-41-1650,A
高村,敦史,たかむら,あつし,男,932-0330,砺波市桂町３－５－５,,076-450-5388,B
日向,一,ひゅうが,はじめ,男,889-4235,えびの市柏尾３－２５－１１,,0985-91-2224,B
伊藤,千恵子,いとう,ちえこ,女,184-0029,小金井市中浜１９９２,,042-206-6682,O
青山,徹,あおやま,とおる,男,401-0531,南都留郡山中湖村大崎５－１１－１８,,055-248-1028,AB
加藤,真衣,かとう,まい,女,719-1320,総社市東本町３－１６,,0866-36-2434,A
中川,貴弘,なかがわ,たかひろ,男,744-0086,下松市蛭子町３－３７,アビタシオン蛭子町１０９,0833-60-8026,A
林,貴史,はやし,たかし,男,430-0818,浜松市南区本田８６２,,053-552-4321,A
高田,大輔,たかだ,だいすけ,男,222-0029,横浜市港北区川端町８３,,045-626-8366,A
北見,幸輝,きたみ,こうき,男,739-0629,大竹市竹原１－４７,レークヒル竹原９０２,082-808-7365,A
松川,義明,まつかわ,よしあき,男,331-0029,さいたま市西区緑ケ丘６７,,048-801-1031,A
沼田,久子,ぬまた,ひさこ,女,311-2414,潮来市都３－１４－２３,,0299-74-1562,B
池内,智之,いけうち,ともゆき,男,901-0630,南城市鶴田１－７－２０,インペリアル鶴田９０８,098-845-6748,O
小暮,八郎,こぐれ,はちろう,男,368-0070,秩父郡横瀬町松浜３３,,0494-60-2174,B
高野,千尋,たかの,ちひろ,女,112-0017,文京区立野３－１５,,03-5864-6288,B
笠,学,りゅう,まなぶ,男,379-0141,安中市三郎丸４８２,,027-277-2618,A
阿部,慶子,あべ,けいこ,女,660-0029,尼崎市石田町４６３,,078-540-2539,B
中村,賢人,なかむら,けんと,男,936-0010,滑川市土田４－１９－１５,,076-450-3899,A
和田,和久,わだ,かずひさ,男,569-0029,高槻市三原５６５,,06-6513-9138,A
福田,俊昭,ふくだ,としあき,男,587-0036,堺市美原区向山町２－２６－２８,,06-6513-3536,A
松尾,崇,まつお,たかし,男,537-0031,大阪市東成区中町１６５４,,06-6513-1546,A
加藤,里奈,かとう,りな,女,299-0229,袖ケ浦市黒田２－２０－２２,,0438-99-3741,B
田中,弘幸,たなか,ひろゆき,男,771-0389,鳴門市高森３８,,088-640-9824,B
村松,勇二,むらまつ,ゆうじ,男,962-0067,須賀川市平井町４２１,,0248-91-2624,A
太田,美穂,おおた,みほ,女,861-4325,宇城市大和田町８０１,,096-266-4227,B
水谷,優子,みずたに,ゆうこ,女,370-3530,高崎市金丸２－９,サニーウエル金丸１０４,027-349-6144,B
大西,新,おおにし,あらた,男,467-0029,名古屋市瑞穂区小松町５－３９,,052-534-1585,A
山下,護,やました,まもる,女,999-3570,西村山郡河北町鶴田３,,023-659-6944,B
中岡,勲,なかおか,いさお,男,500-0017,岐阜市大野台１７００,,058-331-3463,AB
大杉,麻美,おおすぎ,あさみ,女,867-0280,水俣市桜谷１－２５－１２,グリーンハイツ５０２,0966-74-9271,A
森,由紀,もり,ゆき,女,993-0029,長井市大網７０,,0238-71-7872,O
金井,広明,かない,ひろあき,男,603-8860,京都市北区白山町５－１１,,075-609-3360,A
宍戸,栄一,ししど,えいいち,男,882-0029,延岡市虫生４８１,,0982-94-1650,B
小林,直美,こばやし,なおみ,女,836-0029,大牟田市三日市町２４,,092-540-8853,A
森,正志,もり,まさし,男,324-0535,那須郡那珂川町印内６５,アミティエ印内４０９,028-697-4442,A
小倉,恵子,おぐら,けいこ,女,601-1330,京都市伏見区黒石２－４６,,075-609-2065,A
堀口,里沙,ほりぐち,りさ,女,400-0275,南アルプス市麻生１－２４－１０,,055-248-9784,A
西尾,美加,にしお,みか,女,517-0029,鳥羽市大清水３６,,0599-31-6666,A
細川,修平,ほそかわ,しゅうへい,男,864-0029,荒尾市小瀬１１４６,,096-266-3850,O
西川,匠,にしかわ,たくみ,男,226-0007,横浜市緑区瀬田５８,,045-626-9656,O
古田,静香,ふるた,しずか,女,318-0029,高萩市北七条西４－１－２０,,0293-36-3147,A
星野,涼子,ほしの,りょうこ,女,073-0209,空知郡上砂川町山城８９,アルカディア山城２０７,011-469-8315,AB
安田,晃,やすだ,あきら,男,785-0019,須崎市千鳥町１５８７,カーサ山本５０７,0889-60-7048,B
木村,加奈,きむら,かな,女,421-3130,静岡市清水区江南１－８－５,,054-390-7583,O
細川,真由美,ほそかわ,まゆみ,女,361-0080,行田市橘町３－９－３０,佐藤ハイツ２０５,048-801-2322,A
鳥越,貴司,とりごえ,たかし,男,743-0029,光市東川１６１５,キャピタル東川９０６,083-930-8689,A
菊地,葵,きくち,あおい,女,617-0012,長岡京市柏野４－１９,,075-609-6164,O
菊池,由美,きくち,ゆみ,女,430-0879,浜松市南区下太田３－２８,,053-552-8730,B
鈴木,拓,すずき,たく,男,640-0457,海南市小町３－３５,,073-438-3508,A
尾崎,万里,おざき,まり,女,857-4732,北松浦郡小値賀町本５－２０,,095-867-6322,O
水田,俊英,みずた,としひで,男,692-0730,安来市竹内２２,田中アパート４０６,0854-29-3262,O
山本,奈美,やまもと,なみ,女,185-0029,国分寺市永井８４９,,042-206-7212,O
小林,拓,こばやし,たく,男,899-8510,鹿屋市岡田町３３,オリエンタル岡田町３０８,0994-59-2560,O
藤井,美咲,ふじい,みさき,女,649-0333,有田市松栄町４－２１,ビューラー松栄町８０７,073-438-7200,O
稲田,麻衣,いなだ,まい,女,073-0065,滝川市篠原４－４５,松本団地１０５,0125-64-6466,A
岸,洋子,きし,ようこ,女,769-2540,東かがわ市堀町３－２－１８,,087-852-1769,AB
坂田,学,さかた,まなぶ,男,545-6089,大阪市阿倍野区下野田１－２９,アーバンライフ下野田６０４,06-6513-8161,A
内田,大介,うちだ,だいすけ,男,857-0029,佐世保市赤岩２－３７,,0956-84-4833,O
西村,由美子,にしむら,ゆみこ,女,710-0150,岡山市南区岩戸町１７９３,,086-260-1028,AB
平山,理,ひらやま,おさむ,男,511-0520,いなべ市和田５－３７,,059-249-1335,A
三田,新,みた,あらた,男,100-0510,新島村福地６４３,,04994-7-5592,B
浜田,亮介,はまだ,りょうすけ,男,001-0005,札幌市北区今町１２６５,,011-469-2264,O
坂本,健,さかもと,けん,男,960-0035,福島市向原１－２１－２７,,024-579-4747,A
前田,卓也,まえだ,たくや,男,078-0305,上川郡比布町神崎１３３１,,011-469-2237,A
長谷部,貴史,はせべ,たかし,男,490-1450,海部郡飛島村入船５－２６,,052-534-7761,A
井上,奈々,いのうえ,なな,女,781-4230,香美市大渕１８０７,,088-836-1784,A
黒川,隆志,くろかわ,たかし,男,225-0030,横浜市青葉区高坂７０,,045-626-8212,B
森,里奈,もり,りな,女,485-0830,小牧市花園１５９５,,052-534-8626,B
清水,慎太郎,しみず,しんたろう,男,472-0059,知立市梅原１８０９,,052-534-8131,A
若林,佐和子,わかばやし,さわこ,女,501-0547,揖斐郡大野町高木３－２３－１１,サニーコート２０４,058-331-6781,O
清水,恵,しみず,めぐみ,女,602-0088,京都市上京区田原２－３０－１９,,075-609-1010,O
大木,桜子,おおき,さくらこ,女,750-0688,美祢市野寺４－１－２８,,0837-59-9366,A
工藤,裕子,くどう,ゆうこ,女,350-2229,鶴ヶ島市岩木５－１８,,048-801-7083,O
高橋,直也,たかはし,なおや,男,441-3493,田原市観音寺町５－１９－２２,,0465-94-3558,O
安田,卓也,やすだ,たくや,男,413-0055,熱海市高崎７０,,054-390-4741,B
中村,康雄,なかむら,やすお,男,509-5400,土岐市八木沢２１,,058-331-7250,O
佐々木,博,ささき,ひろし,男,501-5452,高山市小山１３８８,,0577-64-2082,A
石原,康幸,いしはら,やすゆき,男,444-0029,岡崎市羽田１－２３,,0564-69-6513,A
大原,龍一,おおはら,りゅういち,男,952-0029,佐渡市東一条５－２６－２１,,0259-49-2759,A
森,康夫,もり,やすお,男,050-0092,室蘭市小河内５－１,,0143-66-6499,AB
丸山,美保,まるやま,みほ,女,873-0020,杵築市寺島３３,,0978-94-4271,O
鳥居,真澄,とりい,ますみ,男,899-0500,出水市小路１４０９,,0996-76-1698,B
渡邉,陽子,わたなべ,ようこ,女,779-5450,三好市野原町８５,,088-640-5099,A
渡邉,啓子,わたなべ,けいこ,女,100-1189,三宅島三宅村上新町３－６,,04994-7-3993,A
栗原,一輝,くりはら,かずき,男,869-0237,玉名市川上２４,,0968-60-9374,O
大原,紀子,おおはら,のりこ,女,811-2182,糟屋郡須惠町下田２－１０－２４,,092-540-7747,A
山本,了,やまもと,りょう,男,706-0029,玉野市西一条南４０１,ハイツ伊藤４０８,0863-49-4087,A
川添,雄介,かわぞえ,ゆうすけ,男,768-0030,観音寺市平尾１－７,,0875-60-1130,O
麻田,早紀,あさだ,さき,女,673-0050,明石市新宮町８１,,078-540-5442,A
坪井,耕一,つぼい,こういち,男,708-0029,津山市永楽町５－１７－４,タウンホーム永楽町１０６,0868-50-1490,B
青柳,尚子,あおやぎ,なおこ,女,006-0858,札幌市手稲区つつじが丘５－８－１７,,011-469-7879,O
松崎,浩子,まつざき,ひろこ,女,889-4235,えびの市長島３－５－６,,0985-91-8528,O
山田,由佳,やまだ,ゆか,女,678-0190,赤穂市神戸２－２６,,078-540-8058,A
東郷,美香,とうごう,みか,女,861-3316,上益城郡甲佐町江川１８１４,,096-266-1955,O
五十嵐,眞,いがらし,まこと,男,426-0220,藤枝市須原５－２０－８,,054-390-5685,A
堀内,三四郎,ほりうち,さんしろう,男,260-0040,千葉市中央区宮里１－１２－２７,,043-398-2027,A
井上,圭,いのうえ,けい,男,569-0029,高槻市東川３－３１,,06-6513-1179,A
井上,修,いのうえ,おさむ,男,899-6600,霧島市大山１－３３,,099-288-8780,B
平石,麻子,ひらいし,あさこ,女,899-2220,日置市五明４－２５－１３,,099-288-4315,O
春川,麻衣,はるかわ,まい,女,282-0019,成田市蓮花寺７,,0476-63-1856,A
山下,美里,やました,みさと,女,555-0002,大阪市西淀川区陣屋町３－１６－４,,06-6513-4188,AB
吉村,智,よしむら,さとし,男,270-1448,柏市長浜町２－３３,,04-7109-5313,O
豊田,賢二,とよだ,けんじ,男,699-3300,浜田市小倉町９３,,0855-39-2272,A
中村,智子,なかむら,ともこ,女,181-0029,三鷹市向陽台８０,,0422-94-9834,A
山下,美和子,やました,みわこ,女,314-0055,神栖市流通センター７６,コーポ伊藤９０１,029-351-8417,A
内藤,奈月,ないとう,なつき,女,225-0030,横浜市青葉区小畑２－６,,045-626-9601,A
谷口,剛,たにぐち,つよし,男,912-0010,大野市六田５－４－２１,,0779-80-4565,AB
浜田,正利,はまだ,まさとし,男,842-0200,神埼市南二条５－３－９,,0952-85-3319,O
安井,綾,やすい,あや,女,599-0029,堺市中区菅原町３－２１－１５,,06-6513-5219,A
紺野,裕行,こんの,ひろゆき,男,028-1108,上閉伊郡大槌町木崎１７４３,,019-901-1520,O
吉永,由紀子,よしなが,ゆきこ,女,409-2139,南巨摩郡南部町反２７０,,055-248-5303,A
松浦,里香,まつうら,りか,女,990-1570,西村山郡朝日町緑ケ丘１３００,,023-659-1754,O
竹下,由美子,たけした,ゆみこ,女,937-0029,魚津市中新田２－１－２,,0765-63-5687,A
永山,徹,ながやま,とおる,男,416-0930,富士市和合町５２,,0545-70-8939,O
矢沢,健介,やざわ,けんすけ,男,243-0476,海老名市萩原町５－４４,,045-626-9326,A
本間,和典,ほんま,かずのり,男,079-1130,赤平市城山台３－１２,,011-469-3184,O
野中,一成,のなか,かずなり,男,389-2600,飯山市前田町１－２２－２,,0269-76-9277,O
長谷川,愛里,はせがわ,あいり,女,929-1198,かほく市勝浦１－７,,076-230-4354,A
松尾,夏海,まつお,なつみ,女,240-0029,横浜市保土ケ谷区北方町１７,,045-626-8043,B
平野,翔太,ひらの,しょうた,男,776-0009,吉野川市松浦町４－６－２８,ファミール松浦町３０９,088-640-3466,O
小森,有紗,こもり,ありさ,女,226-0007,横浜市緑区大室１９５７,,045-626-8362,B
小川,千恵子,おがわ,ちえこ,女,563-0005,池田市上野山４－１１－２５,パレス高橋４０１,072-709-8273,B
山口,智子,やまぐち,ともこ,女,856-0058,大村市向町９８,,095-867-3072,A
山本,沙織,やまもと,さおり,女,981-1283,名取市横堀５－１６,スクエアー９０３,022-729-8163,B
長岡,成美,ながおか,なるみ,女,945-0329,刈羽郡刈羽村荒木９,,025-323-9616,A
五味,京子,ごみ,きょうこ,女,879-5530,由布市前野４－５－７,,097-564-3670,O
中村,正巳,なかむら,まさみ,男,270-0187,流山市中原６２,,04-7109-8012,A
伊東,夕子,いとう,ゆうこ,女,039-2301,三戸郡五戸町須川３－２９－２１,,0179-66-5435,B
菅,朋子,かん,ともこ,女,907-0450,石垣市原１９４３,,098-845-7735,A
遠山,麻子,とおやま,あさこ,女,580-0086,松原市飯島１－３３,,06-6513-8888,O
成田,真衣,なりた,まい,女,820-0277,嘉麻市赤松町２－１１－８,加藤コーポ８０９,092-540-7209,A
廣田,宏,ひろた,ひろし,男,983-0094,仙台市宮城野区真木４－１６,,022-729-6841,O
上田,歩美,うえだ,あゆみ,女,920-2130,白山市卸本町６５７,,076-230-4364,B
塩田,卓也,しおた,たくや,男,859-4860,平戸市田尻町１９７５,,0950-69-3921,B
岩崎,泉,いわさき,いずみ,女,484-0050,犬山市新堂１８７６,,052-534-9188,A
大橋,宏美,おおはし,ひろみ,女,399-9100,大町市仙石１－３６,,0261-56-5882,O
星野,太郎,ほしの,たろう,男,197-0020,福生市稲１００９,,042-804-1729,O
向,千尋,むかい,ちひろ,女,038-3873,弘前市神浦４－９,,0172-61-2179,A
桜井,佐知子,さくらい,さちこ,女,304-0820,下妻市三笠町４５,,029-351-3135,O
斉藤,伸治,さいとう,しんじ,男,679-3450,朝来市中新田５－１９,,078-540-7139,O
楠本,希,くすもと,のぞみ,女,059-0075,登別市梅が丘１－５０,,011-469-7754,B
相澤,泰子,あいざわ,やすこ,女,851-3357,西海市緑が丘１－３－２９,アムール加藤７０５,095-867-9016,O
山本,剛,やまもと,たけし,男,750-0010,下関市豊５－２５,,083-276-9537,A
井上,公一,いのうえ,こういち,男,360-0029,熊谷市深谷９４,,048-509-9810,B
伊藤,敏郎,いとう,としろう,男,084-0930,釧路市大平台１３１０,インペリアル大平台５０８,0154-49-7353,O
竹内,貢,たけうち,みつぐ,男,015-0029,由利本荘市横尾４－１６,,018-841-5874,A
入江,潤,いりえ,じゅん,男,905-0468,国頭郡今帰仁村伝馬町４５,,098-845-2081,A
河野,博美,かわの,ひろみ,女,868-0339,球磨郡錦町七軒９６３,,096-266-1042,O
坂田,正人,さかた,まさひと,男,756-0069,山陽小野田市榊町３２,,083-930-4912,AB
工藤,ゆう子,くどう,ゆうこ,女,349-0229,白岡市松原９０１,タウンコート松原１０８,048-801-3938,B
小倉,千穂,おぐら,ちほ,女,815-0080,福岡市南区西２１,,092-540-6200,AB
小島,美香,こじま,みか,女,208-0018,武蔵村山市円山２－１６－２２,,042-804-1594,O
山本,雅,やまもと,みやび,女,799-0196,四国中央市荒木町５－２１－２０,,0493-84-9144,B
長谷部,薫,はせべ,かおる,女,942-0030,上越市みどり台２－３－１３,,025-516-6519,B
酒井,順子,さかい,じゅんこ,女,700-0029,岡山市東区板橋１８６７,,086-260-3464,B
松田,美織,まつだ,みおり,女,434-0050,浜松市浜北区秋田１－３３,,053-552-9492,A
村上,隆司,むらかみ,たかし,男,580-0086,松原市大東町５００,,06-6513-3896,O
松尾,龍,まつお,りゅう,男,742-0018,柳井市東和３５,,0820-42-7463,A
小谷,明,こたに,あきら,男,731-3270,広島市安佐南区川上町５－２０－１９,コーポ山田１０９,082-808-3281,O
古賀,浩,こが,ひろし,男,634-0089,橿原市小屋５－１９－２４,,0742-98-5330,A
上田,武士,うえだ,たけし,男,781-1589,吾川郡仁淀川町今在家１５１,ハイホ－ム今在家７０４,088-836-9115,A
辻,功一,つじ,こういち,男,154-0043,世田谷区的場１－２０－７,,03-5864-9828,AB
中西,麗奈,なかにし,れな,女,679-3450,朝来市浜田町５－１１－１１,,078-540-2661,B
山本,桜子,やまもと,さくらこ,女,221-0029,横浜市神奈川区北一条７２３,,045-626-4608,O
一条,遼,いちじょう,りょう,男,731-4248,広島市安芸区山城町３－１５－４,,082-808-4370,A
岡本,貴司,おかもと,たかし,男,819-1640,糸島市須川１５６,,092-540-4578,O
山本,省吾,やまもと,しょうご,男,599-0264,阪南市天満１－３１,,06-6513-9205,A
柳原,真弓,やなぎはら,まゆみ,女,961-0122,西白河郡中島村船町９１,,024-579-1646,A
佐藤,進,さとう,すすむ,男,581-0050,八尾市南方８９３,サニーハイツ南方９０１,072-910-4140,B
小原,隆太,おばら,りゅうた,男,462-0029,名古屋市北区田３－３－２１,,052-534-2757,B
木村,隆,きむら,たかし,男,290-0017,市原市片野４２,,0436-59-1663,A
江口,美子,えぐち,よしこ,女,654-0095,神戸市須磨区氷室町６１,,078-540-2707,B
井上,拓也,いのうえ,たくや,男,355-0039,東松山市弁天町２－５－１９,,0493-68-2060,O
安田,真紀,やすだ,まき,女,071-1593,上川郡東神楽町宝７５,,011-469-4504,B
山崎,翔,やまさき,しょう,男,734-0139,呉市高木８４,,082-808-5985,A
中島,陽子,なかじま,ようこ,女,270-1194,我孫子市栄町２－３９,,04-7109-1564,A
井上,美佳,いのうえ,みか,女,937-0060,魚津市大道１２５２,,0765-63-4410,B
西川,幸子,にしかわ,さちこ,女,906-0009,宮古島市堀川町３－４９,,098-845-6624,A
服部,裕子,はっとり,ゆうこ,女,036-0117,平川市古川５５９,,017-748-3779,O
山口,久美子,やまぐち,くみこ,女,077-0350,石狩市青葉町９１,,0133-69-7423,A
山口,健太郎,やまぐち,けんたろう,男,616-8490,京都市右京区原山１４４,,075-609-5198,A
伊藤,春菜,いとう,はるな,女,379-2310,みどり市不動町５８,,027-277-8315,B
本多,静香,ほんだ,しずか,女,029-2228,陸前高田市白井２０,,019-901-2843,A
村山,誠,むらやま,まこと,男,700-0010,岡山市南区金山３－１２,,086-260-9822,AB
斉藤,美沙子,さいとう,みさこ,女,079-2229,勇払郡占冠村谷町７４８,,011-469-4266,AB
長岡,智也,ながおか,ともや,男,150-0065,渋谷区大田町３６１,,03-5864-1603,O
上野,正彦,うえの,まさひこ,男,374-0070,館林市大平町１－２－２１,,027-277-6621,B
中野,裕子,なかの,ひろこ,女,520-3309,甲賀市岩倉７１３,コーポ山口７０３,077-550-4779,AB
永野,賢治,ながの,けんじ,男,100-1300,御蔵島村向平９７,リッツハウス７０３,04994-7-5676,O
栗原,勇人,くりはら,はやと,男,729-2360,三原市西３－２０－１３,,082-808-8676,O
植木,恵子,うえき,けいこ,女,509-5170,土岐市潮見１－１４,,058-331-6898,A
後藤,庸介,ごとう,ようすけ,男,395-0010,飯田市吉岡町４－３９,,0265-41-1229,A
森下,恵,もりした,めぐみ,女,475-0093,半田市高畑町２２,,0569-75-9437,AB
牧野,純平,まきの,じゅんぺい,男,737-2129,江田島市金町５－３７,,082-808-4514,A
吉本,俊介,よしもと,しゅんすけ,男,431-1317,浜松市北区吹上町８３,,053-552-9965,O
秋本,梓,あきもと,あずさ,女,198-0029,青梅市柏崎９７,,0428-81-5833,O
飯田,哲也,いいだ,てつや,男,731-0181,広島市安佐南区藤原９１１,,082-808-9735,A
松本,美保,まつもと,みほ,女,570-0050,守口市荒木５－２４－１５,パークハイム荒木１０９,06-6513-6890,AB
田辺,弘子,たなべ,ひろこ,女,761-0926,さぬき市美和４７,,087-852-4427,A
水谷,藍,みずたに,あい,女,401-0249,上野原市新道町１２９,,055-248-3066,A
児玉,勝巳,こだま,かつみ,男,762-0010,坂出市桜２－３－２８,,087-852-8245,A
加藤,綾子,かとう,あやこ,女,409-1320,甲州市本丸２５,,055-248-4990,A
鈴木,敦子,すずき,あつこ,女,616-8490,京都市右京区旭１６００,,075-609-5183,AB
長野,晃,ながの,あきら,男,900-0009,那覇市城下８,サープラス９０５,098-845-5078,A
橋本,香織,はしもと,かおり,女,246-0065,横浜市瀬谷区瀬戸町１－２７,,045-626-8351,B
長谷川,英子,はせがわ,えいこ,女,599-0029,堺市中区吾妻町５－３,,06-6513-2292,A
花井,綾香,はない,あやか,女,329-2510,矢板市上泉町１－４－１,,028-697-1882,B
秋葉,華子,あきば,はなこ,女,719-0329,浅口郡里庄町暁１１９０,,086-260-2109,A
安岡,徹,やすおか,とおる,男,799-1370,西条市高須町１２３９,,0493-84-3468,A
東,俊一,あずま,しゅんいち,男,838-0008,朝倉市鷹匠町５－１０－２４,,092-540-8734,O
久保,竜司,くぼ,りゅうじ,男,714-0104,浅口市日向町４－２９－１８,,086-260-5545,A
黒木,優希,くろき,ゆうき,女,176-0051,練馬区本城町１－１,,03-5864-5306,O
角田,真奈美,つのだ,まなみ,女,501-0218,瑞穂市湯沢６９５,,058-331-3129,A
加藤,淳子,かとう,じゅんこ,女,889-3530,串間市新浜２－５－２２,,0985-91-4328,A
山田,健,やまだ,けん,男,033-0013,三沢市北谷４－２５－９,,017-748-4037,B
藤川,啓介,ふじかわ,けいすけ,男,839-1516,日田市川東４７,,0973-42-7683,A
小林,彩,こばやし,あや,女,596-0029,岸和田市稲穂２－９－１６,,06-6513-5640,A
大田,凛,おおた,りん,女,386-0050,上田市一本杉４－４１,エミネンス６０３,0268-66-3468,O
伊藤,唯,いとう,ゆい,女,480-0330,春日井市高津３－２,カーサ佐々木６０４,0568-49-2912,A
五十嵐,敏幸,いがらし,としゆき,男,175-0090,板橋区岡本１－１１－２０,,03-5864-1539,B
関,憲,せき,けん,男,701-3278,備前市西３－４７,,0869-77-8888,A
平田,俊介,ひらた,しゅんすけ,男,956-0020,新潟市秋葉区油井３－２７,,025-323-8646,B
中島,健,なかじま,けん,男,889-1120,日向市青山町５－５－２４,,0982-99-7518,A
山口,康一,やまぐち,こういち,男,321-0530,那須烏山市福浦２－６－１２,,028-697-9815,A
秦,瞳,はた,ひとみ,女,510-0010,三重郡朝日町みどり台３４,,0974-38-9226,A
高見,美穂,たかみ,みほ,女,355-0029,東松山市野中２３０,,0493-68-7599,B
河村,勇一,かわむら,ゆういち,男,505-0050,美濃加茂市下柳１２１,,058-331-8011,O
小林,栄二,こばやし,えいじ,男,563-0039,池田市丸山町２－２８－２２,,072-709-9423,O
高橋,琢磨,たかはし,たくま,男,957-0184,北蒲原郡聖籠町北斗２１,,025-323-8238,B
中嶋,南,なかじま,みなみ,女,879-5550,別府市院内１－４１,,0977-60-3430,B
森本,拓也,もりもと,たくや,男,421-0193,静岡市駿河区宮代３－４５,マンハイム宮代７０５,054-390-6547,O
植松,涼,うえまつ,りょう,男,956-0029,新潟市秋葉区富士７５０,,025-323-9078,B
水口,茂雄,みずぐち,しげお,男,301-0900,稲敷市菅原町２－３１,,029-351-2126,A
岡田,佳子,おかだ,よしこ,女,448-0010,刈谷市光明寺１９３４,,0566-51-2185,O
豊田,航平,とよだ,こうへい,男,722-0491,府中市三田１７８５,,0847-63-6146,B
金田,明日香,かねだ,あすか,女,518-0068,伊賀市京田５－１４,シティパル京田９０４,059-249-4362,O
小川,正之,おがわ,まさゆき,男,717-0250,真庭郡新庄村西久保４－４６,,086-260-5551,A
古川,明日香,ふるかわ,あすか,女,270-1129,我孫子市椿４－２９－２９,,04-7109-2293,O
福士,勉,ふくし,つとむ,男,509-6155,瑞浪市御崎４－１５,,058-331-4367,A
土屋,実,つちや,みのる,男,731-0330,安芸高田市湊１９５１,,082-808-6465,A
山田,留美,やまだ,るみ,女,478-0080,知多市新庄町９３,,052-534-6473,AB
北野,毅,きたの,つよし,男,897-0043,南さつま市平尾町１１６６,,099-288-6395,B
阿部,光晴,あべ,みつはる,男,470-1129,豊明市青山台４－３５,,052-534-7942,A
片山,正幸,かたやま,まさゆき,男,564-0029,吹田市岩本町３３,,06-6513-7475,A
星野,美佳,ほしの,みか,女,824-0029,行橋市野原町２－２２－２０,キャピタル２０４,0930-41-9300,A
福田,小春,ふくだ,こはる,女,880-2307,都城市真砂町５１,,0986-71-8486,A
野口,佐知子,のぐち,さちこ,女,849-2340,武雄市平賀５０,,0954-39-9685,A
木村,晶子,きむら,あきこ,女,484-0080,犬山市藤木町４－３－２６,,052-534-7950,B
池田,紀子,いけだ,のりこ,女,335-0029,戸田市東本町２－１６,アーバンハウス東本町７０５,048-801-4596,O
遠藤,晴彦,えんどう,はるひこ,男,327-0051,佐野市湯原１７６０,,0283-73-7917,A
森岡,京子,もりおか,きょうこ,女,539-0079,大阪市中央区田沢２－１５,,06-6513-7940,B
津村,奈々,つむら,なな,女,428-0210,島田市小向４－４－２４,,0547-69-7755,O
井上,夏子,いのうえ,なつこ,女,800-0050,北九州市門司区山口町５－３７,,093-607-3780,A
山本,大地,やまもと,だいち,男,463-0020,名古屋市守山区桑原１４１９,,052-534-6116,O
長谷川,渉,はせがわ,わたる,男,275-0029,習志野市泉野１５６６,,047-761-5919,B
中嶋,昇,なかじま,のぼる,男,485-0830,小牧市船橋町２－４５,,052-534-8430,A
吉田,麻衣子,よしだ,まいこ,女,583-0029,藤井寺市六日町５－４４,,06-6513-6903,O
古川,典子,ふるかわ,のりこ,女,078-1703,上川郡上川町新家４４,,011-469-8991,B
松本,伸二,まつもと,しんじ,男,485-0830,小牧市柴崎２－２５－１７,,052-534-8945,A
中山,洋子,なかやま,ようこ,女,671-2529,宍粟市城南１－６,,078-540-1178,A
高見,努,たかみ,つとむ,男,018-0194,にかほ市宮田１９０９,,018-841-1371,B
清水,香里,しみず,かおり,女,790-0072,松山市新宿８５,,0493-84-9135,B
高橋,早苗,たかはし,さなえ,女,811-1176,福岡市早良区広岡６,,092-540-9876,B
山本,信雄,やまもと,のぶお,男,252-1152,綾瀬市村上４－４４,コート山田４０７,045-626-2606,A
長谷川,絵美,はせがわ,えみ,女,362-0029,上尾市金山町４－１５－１１,,048-801-2472,B
阿部,和久,あべ,かずひさ,男,840-0067,佐賀市稲葉３－７,,0952-85-9739,AB
加藤,裕哉,かとう,ゆうや,男,454-0029,名古屋市中川区堀込９１,,052-534-8499,A
柴田,久美子,しばた,くみこ,女,398-0048,大町市木場１５７５,,0261-56-3424,O
内田,涼子,うちだ,りょうこ,女,891-0757,南九州市向町７８,,099-288-2580,O
金子,大,かねこ,だい,男,184-0029,小金井市西園町１－３５,,042-206-4245,O
今村,彩,いまむら,あや,女,311-1730,行方市太子１２７,吉田団地７０５,029-351-5875,A
上村,瞳,かみむら,ひとみ,女,530-0081,大阪市北区藤沢９７,,06-6513-1789,A
吉川,貴之,よしかわ,たかゆき,男,290-0017,市原市神原４４,,0436-59-9075,A
木谷,光代,きたに,みつよ,女,657-0020,神戸市灘区今宿１２４３,,078-540-5423,O
日下,幸二,くさか,こうじ,男,834-1400,八女市梶原７４,,0943-44-2890,O
松澤,哲也,まつざわ,てつや,男,070-0067,旭川市立川５８,,0166-78-4701,AB
石田,薫,いしだ,かおる,女,434-0093,浜松市浜北区西大井２－２１,,053-552-3821,O
伊藤,勝彦,いとう,かつひこ,男,776-0009,吉野川市岡田９１,,088-640-9365,A
遠藤,郁子,えんどう,いくこ,女,791-0270,東温市前沢３６９,,0493-84-6043,O
石森,葉子,いしもり,ようこ,女,331-0807,さいたま市北区南４－３３,,048-801-3016,B
長谷部,英二,はせべ,えいじ,男,292-0479,君津市船見町３－４２,,0438-99-8784,O
小林,功,こばやし,いさお,男,007-0022,札幌市東区小路１－１３－５,,011-469-5712,O
米倉,広和,よねくら,ひろかず,男,952-0029,佐渡市八島町５５,アーバンハウス八島町９０１,0259-49-8245,O
高橋,春樹,たかはし,はるき,女,669-1240,宝塚市広瀬町５－４２,,078-540-8653,A
松本,令子,まつもと,れいこ,女,950-0030,新潟市西蒲区王子町１８８,アルカディア５０４,025-323-2792,A
酒井,悦子,さかい,えつこ,女,431-3330,浜松市天竜区東郷４,,053-552-3785,A
岸田,由美,きしだ,ゆみ,女,808-0174,北九州市若松区林町１６８９,ドエリング林町８０６,093-607-9936,B
石沢,陽子,いしざわ,ようこ,女,958-0050,村上市西川５－２９－２７,プラザ鈴木４０５,0254-71-2575,A
堀,克也,ほり,かつや,男,819-1640,糸島市大江町１５４７,セゾン高橋５０４,092-540-7176,A
市川,裕介,いちかわ,ゆうすけ,男,869-1698,阿蘇郡高森町桜５－３５,,096-266-2140,O
坂井,達也,さかい,たつや,男,790-0072,松山市東山町４－１９,佐々木コーポ８０４,0493-84-1449,O
前田,大介,まえだ,だいすけ,男,028-0060,久慈市細谷８０,,0194-51-2203,A
伊藤,幸子,いとう,さちこ,女,861-1279,菊池市白山４４,,096-266-2808,B
大井,貴志,おおい,たかし,男,296-0084,鴨川市白井７,,04-7005-2176,AB
山本,仁美,やまもと,ひとみ,女,431-3330,浜松市天竜区野寺３－２１－１５,,053-552-2672,A
佐藤,宏,さとう,ひろし,男,781-5252,香南市藤巻８３,,088-836-1838,B
鈴木,潤,すずき,じゅん,男,450-0031,名古屋市中村区和田１３５９,,052-534-6625,B
高嶋,和幸,たかしま,かずゆき,男,428-0309,榛原郡川根本町滝下１－４６,,0548-68-2978,O
大森,久美子,おおもり,くみこ,女,820-1110,飯塚市大正町８２,,0948-68-7904,O
植田,仁美,うえだ,ひとみ,女,869-5625,葦北郡津奈木町三光２８,アベニュー三光６０２,096-266-7570,O
大橋,真弓,おおはし,まゆみ,女,289-0530,旭市今川１０,,0479-81-8861,B
田村,有紀,たむら,ゆき,女,759-0210,宇部市弓町３７２,,0836-57-9059,A
筒井,康晴,つつい,やすはる,男,582-0087,柏原市芳野５－２７,,06-6513-2609,A
塩野,翔太,しおの,しょうた,男,731-0330,安芸高田市駅前１－２９,パークハイム駅前２０１,082-808-5665,O
瀬尾,豪,せお,ごう,男,467-0029,名古屋市瑞穂区殿町１－３９,,052-534-5013,B
細川,良太,ほそかわ,りょうた,男,039-3523,青森市松浦町８２,,017-748-9927,A
三浦,登,みうら,のぼる,男,299-1860,富津市東山４２９,レークヒル東山５０７,0438-99-9129,A
小川,洋子,おがわ,ようこ,女,444-1345,高浜市堺町１３,,052-534-2843,A
山田,秀雄,やまだ,ひでお,男,311-1273,ひたちなか市橋本町４－８,,029-351-1182,AB
古川,伸一,ふるかわ,しんいち,男,193-0940,八王子市一本杉３－２４,,042-618-4225,A
辻,慎二,つじ,しんじ,男,302-0175,守谷市大和町８８,セントラル大和町９０１,029-351-6869,O
中村,邦彦,なかむら,くにひこ,男,689-3165,西伯郡大山町万代１０８３,,0857-67-5383,A
会田,英雄,あいだ,ひでお,男,430-0879,浜松市南区下新田３－１４－１６,,053-552-7333,A
伊藤,信二,いとう,しんじ,男,590-0029,堺市堺区飯島町５－２３－１６,,06-6513-9425,A
肥後,聖子,ひご,しょうこ,女,480-0313,春日井市湯沢１４３４,コンフォート５０８,0568-49-9231,A
木下,由美,きのした,ゆみ,女,849-5260,伊万里市今福町３－１６,中村ハイツ８０６,0955-37-4758,O
西村,誠,にしむら,まこと,男,288-0030,銚子市曙１８,,0479-43-8924,A
品川,雅之,しながわ,まさゆき,男,270-0230,野田市元城町１－１７,,04-7109-9679,B
小澤,和子,おざわ,かずこ,女,999-3129,上山市菖蒲１－２４,,023-659-8688,A
太田,百合子,おおた,ゆりこ,女,747-0010,防府市下太田３－１１,,0835-73-7325,AB
田中,憲司,たなか,けんじ,男,860-0172,熊本市北区愛宕町１１,リヴェール愛宕町２０８,096-266-9783,B
望月,亜美,もちづき,あみ,女,601-0002,京都市南区久保町２－９－９,,075-609-4272,O
中島,靖子,なかじま,やすこ,女,037-0007,五所川原市野原町１０,,017-748-5057,O
三好,茂樹,みよし,しげき,男,367-0250,本庄市千石町２－３－１５,コーポ田中８０１,0495-61-6487,AB
森,純子,もり,じゅんこ,女,654-0160,神戸市須磨区大野台４－１６－３,,078-540-6703,A
木村,彩,きむら,あや,女,788-0029,宿毛市大杉３－１５－２５,,0880-71-8168,AB
高木,瑞穂,たかぎ,みずほ,女,247-0117,鎌倉市春日５－２４－６,,045-626-6529,A
宮下,昌平,みやした,しょうへい,男,410-3400,沼津市下境５－９－２７,,055-907-3480,O
相田,舞,あいだ,まい,女,873-0029,杵築市吉野町１０９７,,0978-94-9043,A
山岡,浩二,やまおか,こうじ,男,098-1820,紋別郡雄武町矢田３－２－６,,0158-34-8745,B
市川,啓介,いちかわ,けいすけ,男,656-1567,淡路市土橋１９７０,,078-540-6056,A
佐野,功一,さの,こういち,男,344-0029,春日部市上野山５－１４,,048-801-4379,A
原田,守,はらだ,まもる,女,969-6187,会津若松市渋谷１５８９,,024-579-6276,A
木村,幸雄,きむら,ゆきお,男,520-3309,甲賀市小杉２２５,,077-550-3079,A
沼田,敬子,ぬまた,けいこ,女,965-0010,会津若松市宮本１５９６,山本マンション５０７,024-579-2141,A
安田,浩司,やすだ,こうじ,男,678-0014,相生市日之出町８９６,,0791-41-7031,AB
斉藤,美香,さいとう,みか,女,802-0009,北九州市小倉北区元宮町７４,,093-607-6249,O
宮澤,敬,みやざわ,たかし,男,992-0528,南陽市桜ケ丘３－１４－１４,,023-659-1233,B
青山,真弓,あおやま,まゆみ,女,222-0029,横浜市港北区港１－６－６,,045-626-7370,AB
井上,美紀,いのうえ,みき,女,574-0029,大東市平岡４－４２,,06-6513-3923,O
平岡,歩,ひらおか,あゆみ,女,959-0197,燕市駅前４－１９－９,,025-323-3434,A
小野,晴子,おの,はるこ,女,350-0429,入間郡越生町花咲１７０７,,048-801-8165,A
齊藤,真弓,さいとう,まゆみ,女,957-0096,新発田市四郎丸５－２２,,0254-34-3335,A
松川,幸子,まつかわ,さちこ,女,954-0018,見附市京田４－１,,025-323-5957,AB
春川,浩司,はるかわ,こうじ,男,244-0870,横浜市栄区薬師町１－６－２５,,045-626-1864,O
萩原,雅人,はぎわら,まさと,男,808-0174,北九州市若松区南三条東２－１４－１７,,093-607-3392,O
谷口,篤,たにぐち,あつし,男,820-0629,嘉穂郡桂川町神明２－７－１１,,092-540-8774,AB
平井,正人,ひらい,まさと,男,049-3340,二海郡八雲町中野８７,パークハイム中野３０６,011-469-2334,A
柏木,道子,かしわぎ,みちこ,女,904-0055,沖縄市海老江５－１７,,098-845-5372,O
西尾,裕太,にしお,ゆうた,男,768-0029,観音寺市新生２－３３,,0875-60-6429,O
伊原,久美子,いはら,くみこ,女,447-0050,碧南市大田町１８５７,,052-534-9068,AB
三浦,隆,みうら,たかし,男,861-3270,上益城郡甲佐町黒川９５,,096-266-9295,O
宮田,れい子,みやた,れいこ,女,198-0096,青梅市今宿１－５０,,0428-81-9590,A
佐藤,猛,さとう,たけし,男,957-0029,新発田市黒岩４－７－２９,ハイネス山口９０３,0254-34-6041,O
岩田,陽子,いわた,ようこ,女,669-1250,西宮市境４－１２,,0797-67-6906,A
高橋,強,たかはし,つよし,男,816-0870,春日市志賀４－２０－１４,,092-540-3036,AB
日向,和哉,ひゅうが,かずや,男,370-0330,太田市三崎町５－２４,,0294-41-2031,A
岡田,祥子,おかだ,しょうこ,女,025-0010,花巻市鷹匠町５－１９,,019-901-3346,B
斉藤,晴香,さいとう,はるか,女,649-6630,紀の川市緑ケ丘６３,,073-438-2685,A
長野,美奈子,ながの,みなこ,女,866-0029,八代市柏原９２,山本マンション９０９,0965-70-7311,A
柳原,健,やなぎはら,けん,男,867-0280,水俣市栗山２１,,0966-74-6646,A
金田,優,かねだ,ゆう,女,638-0387,吉野郡天川村楠２－７－２,,0746-49-9270,O
新垣,太,あらかき,ふとし,男,506-0300,飛騨市日の出３－２－１３,,058-331-5129,A
小平,麻子,こだいら,あさこ,女,409-0329,北都留郡丹波山村みどり台３－４１,,055-248-6294,B
水野,智恵子,みずの,ちえこ,女,771-2385,三好市西一条３－２７－１,,088-640-6875,A
古川,麻衣子,ふるかわ,まいこ,女,616-8490,京都市右京区西河内３－１２－１６,,075-609-4471,B
柴田,亮輔,しばた,りょうすけ,男,538-0050,大阪市鶴見区新橋３３６,,06-6513-2808,O
大木,竜也,おおき,たつや,男,465-0029,名古屋市名東区稲荷町１９３０,,052-534-1871,A
平田,明子,ひらた,あきこ,女,734-0060,広島市南区砂田町１７０８,,082-808-7153,AB
中山,和夫,なかやま,かずお,男,767-0078,三豊市中之庄町５－１０－３,,087-852-4891,A
小関,和義,こせき,かずよし,男,995-0098,村山市石井８００,,0237-32-7776,A
川村,光,かわむら,ひかる,女,745-0050,周南市小野１－１２－１６,,083-930-8708,A
内田,宏美,うちだ,ひろみ,女,018-5510,鹿角郡小坂町古屋敷１－２２－３,,0186-21-4124,O
富永,弘之,とみなが,ひろゆき,男,418-0029,富士宮市赤松６７,,054-390-9441,A
小堀,友紀,こぼり,ゆき,女,330-0829,さいたま市大宮区寺田町１－３５,,048-801-8881,AB
柴田,直樹,しばた,なおき,男,950-0049,新潟市江南区矢部１９２２,,025-323-9285,O
岡田,浩,おかだ,ひろし,男,360-0029,熊谷市深谷４－４－５,,048-509-5419,A
中村,美咲,なかむら,みさき,女,412-0050,御殿場市日吉台２－９,,0550-51-6331,AB
高井,和子,たかい,かずこ,女,302-0130,守谷市小室３２,佐々木ハイツ６０４,029-351-6328,O
花田,郁,はなだ,かおる,女,957-0096,新発田市大塚１０,,0254-34-2769,O
浅野,里菜,あさの,りな,女,362-0010,上尾市岡本３－２７,,048-801-6730,A
小島,夏子,こじま,なつこ,女,476-0060,東海市南町１－２５－２６,山田コーポ４０９,052-534-9777,A
三宅,智行,みやけ,ともゆき,男,861-0018,熊本市東区川合町４－３－２３,,096-266-9085,A
中島,竜次,なかじま,りゅうじ,男,418-0029,富士宮市立花６６７,,054-390-6194,B
木下,淳,きのした,じゅん,男,211-0029,川崎市中原区高美町６５,,044-600-9426,A
山崎,ゆう子,やまさき,ゆうこ,女,745-0050,周南市呉服町５４,山口ハイツ８０９,083-930-8215,B
八木,有希子,やぎ,ゆきこ,女,183-0037,府中市北三条東４－８－５,,0847-63-2875,A
永瀬,哲夫,ながせ,てつお,男,300-0443,稲敷郡美浦村南二条東１６４５,,029-351-3015,O
平石,太郎,ひらいし,たろう,男,370-3648,前橋市二本松４－３－１０,,027-277-2051,A
二階堂,幸子,にかいどう,さちこ,女,319-1588,北茨城市南方１－２１,グリーンコーポ南方４０９,029-351-6350,AB
出口,薫,でぐち,かおる,女,097-0055,稚内市北田２－２２－２６,,0162-62-1926,B
増田,美奈子,ますだ,みなこ,女,517-0220,志摩市松並４４９,,059-249-9118,A
田中,修司,たなか,しゅうじ,男,421-1197,藤枝市稲３２,,054-390-6919,O
櫻井,敏幸,さくらい,としゆき,男,675-1319,小野市菅沼６３０,,078-540-8687,AB
内藤,恵美子,ないとう,えみこ,女,590-0429,泉南郡熊取町星が丘３３,,06-6513-6835,O
岩崎,裕一郎,いわさき,ゆういちろう,男,995-0029,村山市駒形２－２２,,0237-32-6592,A
山中,理恵,やまなか,りえ,女,350-2273,鶴ヶ島市和田町５－１０－１３,エミグランド１０８,048-801-7220,O
柳田,康一,やなぎた,こういち,男,992-1580,米沢市西大井２－２９－３,,0238-94-6921,A
岡部,順子,おかべ,じゅんこ,女,574-0029,大東市堀端町２－２９,佐藤マンション３０２,06-6513-8764,A
近藤,美穂,こんどう,みほ,女,462-0029,名古屋市北区太子５－３０－２７,エーデルハイム太子７０６,052-534-9023,AB
西岡,勝,にしおか,まさる,男,253-0110,高座郡寒川町大１－１１－２１,,045-626-2791,B
吉原,祐太,よしはら,ゆうた,男,714-1430,井原市北三条西４－２０－３０,,0866-76-8879,A
澤井,洋輔,さわい,ようすけ,男,729-6700,三次市上原町１－２２－３,,0824-49-5656,AB
片岡,俊明,かたおか,としあき,男,289-0530,旭市熊谷１－４４,,0479-81-3640,A
近藤,結衣,こんどう,ゆい,女,984-0068,仙台市若林区船町５５６,,022-729-5362,A
藤田,純子,ふじた,じゅんこ,女,294-0089,館山市川崎２－１９－３０,パストラル川崎４０９,0470-42-6866,O
松井,妙子,まつい,たえこ,女,582-0087,柏原市清滝１－３０－２７,エミネンス清滝３０５,06-6513-6850,A
前田,裕,まえだ,ゆたか,男,870-0010,大分市鶴田２２,,097-564-5548,AB
高橋,孝行,たかはし,たかゆき,男,010-0370,男鹿市小屋４－２０－２,,0185-36-9108,B
柏木,未来,かしわぎ,みく,女,680-0026,鳥取市西山１６,,0857-67-4282,A
篠原,菜摘,しのはら,なつみ,女,048-2199,岩内郡共和町印内７５,,0135-69-9693,A
橋本,裕子,はしもと,ゆうこ,女,503-0332,海津市金丸３－１３－１５,,058-331-8246,AB
平石,雅子,ひらいし,まさこ,女,557-0087,大阪市西成区塚田２－１７－１２,木村ハイツ４０１,06-6513-9691,AB
佐藤,翔太,さとう,しょうた,男,483-0098,江南市田中町６１０,井上マンション２０１,052-534-9839,B
及川,聡,おいかわ,さとし,男,307-0050,結城市青山台１５,,029-351-5517,O
小林,洋子,こばやし,ようこ,女,602-0050,京都市上京区塚崎２－１１－９,,075-609-1866,A
内山,恵美,うちやま,めぐみ,女,549-0030,泉佐野市新川町５－３８,,06-6513-3982,AB
神田,明夫,かんだ,あきお,男,297-0030,茂原市成田町５－３７,グローリー６０４,0475-41-5140,B
大森,美紀,おおもり,みき,女,483-8430,江南市八幡１９,,052-534-3709,O
吉田,真琴,よしだ,まこと,女,300-4498,桜川市東山町５－２６－１６,,029-351-9690,A
山口,雅樹,やまぐち,まさき,男,014-0348,仙北市西谷９５５,,018-841-5354,A
江口,栄治,えぐち,えいじ,男,447-0080,碧南市砂原１９８７,ハイツ木村７０６,052-534-2856,B
大久保,太郎,おおくぼ,たろう,男,289-2129,匝瑳市古里１７８２,,0479-81-3902,A
浜田,裕子,はまだ,ゆうこ,女,353-0029,志木市和合町３－６－１６,,048-801-7108,O
藤本,昭彦,ふじもと,あきひこ,男,779-1749,阿南市東一条５－２８,,0884-39-4575,A
藤岡,恵子,ふじおか,けいこ,女,720-0583,尾道市西大井１－３９,,0848-80-7740,A
藤原,明日香,ふじわら,あすか,女,001-0001,札幌市北区粟生４－４３,,011-469-5703,A
松岡,翔平,まつおか,しょうへい,男,904-0055,沖縄市森下町４－１１－１６,,098-845-6706,A
森,麻子,もり,あさこ,女,950-0049,新潟市江南区草野５－２４－１９,,025-323-3578,AB
西山,守,にしやま,まもる,女,854-0010,諫早市佐倉４－１８,,0957-57-9078,B
金森,舞,かなもり,まい,女,003-0067,札幌市白石区富士見が丘１５２５,,011-469-2977,O
村田,和代,むらた,かずよ,女,792-0018,新居浜市大林５１,,0897-50-9944,A
柴田,俊介,しばた,しゅんすけ,男,952-0029,佐渡市大和町９５,,0259-49-2566,B
佐藤,悟,さとう,さとる,男,629-2250,宮津市日向１－２３,インペリアル日向５０４,0772-49-1800,AB
福山,二朗,ふくやま,じろう,男,739-0670,大竹市遠山９７,,082-808-4516,A
橘,昌弘,たちばな,まさひろ,男,257-0029,秦野市御崎１－１２,,045-626-2394,B
山口,晴子,やまぐち,はるこ,女,323-0108,下野市堀町３－２３－１３,,028-697-5551,O
岡村,周平,おかむら,しゅうへい,男,313-0350,常陸太田市郡山６４３,,029-351-2881,AB
高倉,蘭,たかくら,らん,女,817-2330,対馬市湯原２－２６－２６,,095-867-8181,AB
馬場,愛美,ばば,まなみ,女,184-0029,小金井市立花３－１１－１７,ハイツ山本５０４,042-206-8813,O
中井,望,なかい,のぞむ,女,667-0069,養父市東３－３９,,078-540-8562,O
永田,貴子,ながた,たかこ,女,839-0260,柳川市下里５－２０－８,,092-540-5491,AB
毛利,英樹,もうり,ひでき,男,678-0140,相生市豊岡４－１９－１９,,0791-41-7094,O
齋藤,雄二,さいとう,ゆうじ,男,544-0030,大阪市生野区白木９５,,06-6513-4184,AB
安田,忍,やすだ,しのぶ,女,456-0082,名古屋市熱田区反町２－３８,コーポ田中４０３,052-534-9059,A
西川,勉,にしかわ,べん,男,301-0039,龍ケ崎市松本２－４６,佐々木ハイツ９０１,029-351-7892,O
中嶋,剛,なかじま,つよし,男,475-0050,半田市平原４６９,,0569-75-7046,A
星,美貴,ほし,みき,女,043-0348,二海郡八雲町金６４,,011-469-9805,O
宮原,晴香,みやはら,はるか,女,879-2680,津久見市大津１７,,097-564-2000,A
松永,泰子,まつなが,やすこ,女,880-2307,都城市新保４－３４,,0986-71-5552,A
大野,由美,おおの,ゆみ,女,584-0099,富田林市千鳥６１,,0721-66-7649,A
松下,加奈,まつした,かな,女,378-0029,沼田市千原１－１９,,0278-47-2544,B
宮本,佳子,みやもと,よしこ,女,300-4498,桜川市西野町４－２－１４,,029-351-6898,O
石田,渚,いしだ,なぎさ,女,413-0100,熱海市大浦町３６,,054-390-1041,O
筒井,司,つつい,つかさ,男,839-1230,久留米市野寺２４,,0942-69-4487,AB
伊藤,大二郎,いとう,だいじろう,男,069-1180,千歳市中之島１２８４,,0123-63-9004,A
鈴木,佳奈,すずき,かな,女,331-0029,さいたま市西区高木町２－３８,,048-801-7186,A
桐山,貴久,きりやま,たかひさ,男,889-4310,えびの市高町５５,,0985-91-9307,A
荻原,聡子,おぎわら,さとこ,女,720-0005,福山市堀ノ内３－２７－１０,,084-969-7508,O
麻生,奈々,あそう,なな,女,220-0008,横浜市西区大通北４－８,エミネンス４０５,045-626-9786,O
井出,恵子,いで,けいこ,女,287-0029,香取市高屋９８６,,0478-67-9902,A
新井,祥子,あらい,しょうこ,女,296-0029,鴨川市後田３９,コーポ松本６０８,04-7005-1653,O
水原,弘樹,みずはら,ひろき,男,632-0120,天理市大原５－４４,,0742-98-6205,O
手塚,渚,てづか,なぎさ,女,321-1170,鹿沼市小向１－５,井上アパート３０４,0289-87-7876,AB
中村,洋介,なかむら,ようすけ,男,629-2250,宮津市江南８２,,0772-49-7290,AB
中村,和幸,なかむら,かずゆき,男,437-0238,周智郡森町平塚３９,,054-390-8176,A
中村,啓二,なかむら,けいじ,男,583-0090,羽曳野市寺前町２－２０－６,,06-6513-4717,AB
尾崎,孝,おざき,たかし,男,240-0075,横浜市保土ケ谷区弥生２－１０－２９,,045-626-9704,B
藤田,大介,ふじた,だいすけ,男,300-0429,稲敷郡美浦村中之郷３－５－２２,,029-351-9848,O
吉原,綾子,よしはら,あやこ,女,028-7996,九戸郡洋野町菅生１００,,019-901-2278,B
野口,一男,のぐち,かずお,男,886-0210,小林市小杉７６,,0984-69-7033,O
木村,優子,きむら,ゆうこ,女,028-2630,宮古市真砂町５－３０,,0980-60-3696,B
吉川,正樹,よしかわ,まさき,男,452-0960,清須市新田町３７,ハイランド新田町２０４,052-534-6042,B
秋山,耕一,あきやま,こういち,男,617-0080,向日市北園町６０２,,075-609-9756,O
平石,謙,ひらいし,けん,男,848-0430,松浦市堀内３－１１－９,,095-867-5742,AB
八代,宏,やしろ,ひろし,男,100-1189,三宅島三宅村千歳町４１９,,04994-7-4592,O
望月,真理子,もちづき,まりこ,女,249-0029,逗子市旭１２９５,,045-626-9099,O
岡本,勉,おかもと,つとむ,男,100-1210,三宅島三宅村滝沢５－７,,04994-7-6803,B
西川,美香,にしかわ,みか,女,084-0967,釧路市東原町５５,,0154-49-2249,A
佐野,明,さの,あきら,男,882-0028,延岡市中村２－３３,,0982-94-4424,O
鳩山,直輝,はとやま,なおき,男,859-1507,南島原市青山台４６,,095-867-1951,B
鳩山,大樹,はとやま,だいき,男,632-0250,奈良市山中町３－２１－９,,0742-98-7285,B
坂本,舞子,さかもと,まいこ,女,034-0300,十和田市日の出町４－１２－１５,,0176-76-9288,AB
大西,恵,おおにし,めぐみ,女,684-0036,境港市堀川２５,,0857-67-7864,A
中野,歩,なかの,あゆみ,女,079-8450,旭川市小林３８,,0166-78-1637,A
寺田,直子,てらだ,なおこ,女,413-0146,伊東市菖蒲３－９－２４,,0557-63-7313,A
坂口,直子,さかぐち,なおこ,女,980-0020,仙台市青葉区下之郷３－１９,,022-729-7902,B
木下,一成,きのした,いっせい,男,949-4350,三島郡出雲崎町日影２００,,025-323-3992,O
北野,明子,きたの,あきこ,女,270-2330,印西市下川原４７,キャピタル下川原８０８,0476-63-3782,B
桜井,省吾,さくらい,しょうご,男,343-0092,越谷市仲町３８５,,048-801-1458,A
金子,佳奈,かねこ,かな,女,919-1278,敦賀市横浜３－１２－１３,パストラル横浜８０８,0770-41-5342,B
藤本,翼,ふじもと,つばさ,男,413-0761,下田市西島町６１,ハイツ鈴木７０８,0558-46-5377,O
小林,裕也,こばやし,ゆうや,男,004-0078,札幌市清田区井ノ口４－６－１６,,011-469-2136,O
八木,法子,やぎ,のりこ,女,842-0018,神埼市井上８３６,,0952-85-7855,A
三原,将太,みはら,しょうた,男,037-0189,つがる市西条５－２８－１１,,017-748-7338,A
森村,由梨,もりむら,ゆり,女,503-0029,大垣市山谷２－２６－１６,,0584-49-1805,B
鈴木,貴弘,すずき,たかひろ,男,840-0030,佐賀市愛宕町３－６,,0952-85-1195,O
古田,恵,ふるた,めぐみ,女,831-0082,大川市新道町３７２,,092-540-6272,O
荒木,美子,あらき,よしこ,女,063-0083,札幌市西区西一条２－２２－１,シャルマン西一条５０１,011-469-1587,O
田中,泉,たなか,いずみ,女,241-0029,横浜市旭区林町３－２１－１１,,045-626-5806,A
上條,敦子,かみじょう,あつこ,女,029-2229,陸前高田市本田５－６－５,,019-901-8752,A
石原,亮平,いしはら,りょうへい,男,786-0009,高岡郡四万十町高屋９７,,0766-58-8003,A
斎藤,愛子,さいとう,あいこ,女,022-0210,大船渡市和泉１７,,0192-73-6327,O
北川,雄太,きたがわ,ゆうた,男,359-0029,所沢市南が丘３１３,,04-2905-5053,O
松山,仁美,まつやま,ひとみ,女,630-0038,山辺郡山添村中曽根５－４２,,0742-98-8557,B
近藤,宏美,こんどう,ひろみ,女,232-0029,横浜市南区西久保４５,,045-626-8537,A
武藤,凛,むとう,りん,女,394-0058,岡谷市西二条北２－１０－１３,ハイツ佐藤７０４,026-404-8196,O
石田,優子,いしだ,ゆうこ,女,511-0029,桑名市岩倉町２－２２－２１,,0594-65-1076,A
山田,文彦,やまだ,ふみひこ,男,879-4200,日田市板屋町５－２６－２８,アビタシオン８０１,0973-42-3774,A
小室,浩治,こむろ,こうじ,男,242-0050,大和市今泉町２－８,,045-626-9107,B
市川,悦子,いちかわ,えつこ,女,410-2171,伊豆の国市新港町２－６－２８,,054-390-4845,B
中本,麻由子,なかもと,まゆこ,女,276-0050,八千代市轟１６２７,,047-761-9552,AB
永野,護,ながの,まもる,女,805-0070,北九州市八幡東区野尻１－３０,,093-607-1727,O
岸田,夏美,きしだ,なつみ,女,501-6210,羽島市下川崎７９,レジデンス下川崎４０２,058-331-7450,A
森,彩花,もり,あやか,女,773-0030,小松島市観音寺町２－４５,,088-640-1059,B
浜田,大輔,はまだ,だいすけ,男,073-0182,砂川市大関３－２７,アメニティ大関６０１,011-469-1574,O
三原,早紀,みはら,さき,女,820-0057,飯塚市南郷町５－４,,0948-68-7745,A
佐々木,朋子,ささき,ともこ,女,811-2491,糟屋郡篠栗町石丸１５,,092-540-2538,A
星,美穂,ほし,みほ,女,969-6569,河沼郡会津坂下町水沢１５４６,パストラル水沢１０３,024-579-2669,A
寺本,舞,てらもと,まい,女,441-3493,田原市青木町２－５－３,サンモール７０１,0465-94-2089,AB
神田,節子,かんだ,せつこ,女,747-0620,周南市弁天１１９５,,083-930-1187,AB
下村,浩平,しもむら,こうへい,男,990-0530,寒河江市宮田１－８－９,,0237-69-9829,A
近藤,英子,こんどう,えいこ,女,501-6250,羽島市光陽台２－２２,プラザ佐々木７０１,058-331-2255,B
桜田,直人,さくらだ,なおと,男,592-8413,堺市西区粟野５－８－４,,06-6513-2262,A
阿部,洋子,あべ,ようこ,女,981-1563,角田市観音寺町１１８５,プラザ山本２０８,022-729-7266,O
飯尾,望,いいお,のぞみ,女,208-0029,武蔵村山市三郷１－２８,,042-804-2734,A
松田,薫,まつだ,かおる,女,100-1620,八丈島八丈町上郡３－２２,,04996-5-6614,AB
内野,恵美子,うちの,えみこ,女,421-0480,牧之原市一色町２６,,054-390-4163,O
中野,英明,なかの,ひであき,男,680-0385,八頭郡八頭町鷲巣１１２３,,0857-67-6639,A
遠藤,信雄,えんどう,のぶお,男,861-0872,玉名郡南関町小木４－２６－１１,,0968-60-3953,A
植田,亜美,うえだ,あみ,女,519-0610,伊勢市新開２－４３,,0596-51-5521,O
山崎,陽子,やまざき,ようこ,女,993-0055,長井市稲田６１８,,0238-71-6177,B
西島,愛子,にしじま,あいこ,女,307-0050,結城市緑が丘１－２６,,029-351-6894,AB
清水,正,しみず,ただし,男,276-0070,八千代市上之町９０,,047-761-8105,A
柳,友和,やなぎ,ともかず,男,292-0040,木更津市中新町４－１９－１９,,0438-99-8536,O
北川,玲奈,きたがわ,れな,女,739-1750,広島市安佐北区新庄町１－２７－１４,,082-808-2918,A
村上,美恵子,むらかみ,みえこ,女,636-0171,生駒郡斑鳩町住吉４－４６,,0742-98-7936,B
桑原,一郎,くわはら,いちろう,男,063-0083,札幌市西区高野９５３,,011-469-1456,AB
横田,洋子,よこた,ようこ,女,994-0100,天童市袋町６６６,,023-659-9287,O
白井,仁美,しらい,ひとみ,女,879-3400,佐伯市多賀１－２０,,0972-49-3953,O
吉田,志穂,よしだ,しほ,女,509-1664,下呂市平原１９,,0576-61-9932,B
岩田,唯,いわた,ゆい,女,605-0058,京都市東山区七日市４,,075-609-7192,A
狩野,幸治,かのう,こうじ,男,980-0020,仙台市青葉区泉町４－４９,,022-729-3303,O
前田,春樹,まえだ,はるき,女,467-0060,名古屋市瑞穂区塩沢９３,,052-534-2675,O
酒井,進,さかい,すすむ,男,669-3175,丹波市藤田４－９－７,,078-540-3197,B
岡崎,拓也,おかざき,たくや,男,996-0070,新庄市十日町１－２４－２,,0233-71-9536,O
永田,隼,ながた,じゅん,男,197-0018,福生市馬場３６,ドミール佐々木７０５,042-804-5149,A
坂本,雅人,さかもと,まさと,男,665-0933,川西市けやき台５－１０,,078-540-8246,O
山内,富士夫,やまうち,ふじお,男,824-0029,行橋市今宿４－９－２８,,0930-41-1840,A
金子,一樹,かねこ,かずき,男,889-1310,児湯郡川南町吉倉２３７,,0985-91-8519,AB
宮沢,隆,みやざわ,たかし,男,765-0070,善通寺市堀内１８９９,,087-852-7687,O
中川,慶子,なかがわ,けいこ,女,981-1194,仙台市太白区西町２４５,,022-729-4268,A
斎藤,梢,さいとう,こずえ,女,876-0055,佐伯市牧１９６０,,0972-49-2500,B
川嶋,義和,かわしま,よしかず,男,409-3710,甲府市磯部２－１５－２５,,055-248-3625,B
丸山,美織,まるやま,みおり,女,753-0177,萩市宿４－４９,,083-930-3511,AB
志賀,遥,しが,はるか,女,899-2100,いちき串木野市中田町７５,,099-288-7829,A
桜井,亜実,さくらい,あみ,女,323-0108,下野市東山町５６６,,028-697-4484,A
小谷,隆志,こたに,たかし,男,860-0898,熊本市南区七日町３－２４－１３,,096-266-8172,A
松田,剛,まつだ,つよし,男,791-0270,東温市宮内４－４０,,0493-84-1964,AB
加藤,昌子,かとう,まさこ,女,601-0294,京都市右京区新道２－７－２３,,075-609-8731,B
渡辺,馨,わたなべ,かおる,女,680-0026,鳥取市桂木１５０３,,0857-67-3026,B
森,桃,もり,もも,女,830-0087,久留米市宮島１－２９－１２,,0942-69-9503,B
伊吹,美智子,いぶき,みちこ,女,400-0175,甲斐市美原３－１６－４,,055-248-9301,O
杉原,康二,すぎはら,こうじ,男,966-0077,喜多方市吉井６,,024-579-3396,A
武藤,均,むとう,ひとし,男,905-0529,国頭郡伊江村稗田町３－１２,,098-845-5186,A
土岐,京子,とき,きょうこ,女,214-0088,川崎市多摩区北島町５６,,044-600-5218,A
松平,茂,まつだいら,しげる,男,304-0008,下妻市古市町１８４４,,029-351-7863,AB
森川,孝之,もりかわ,たかゆき,男,822-0030,直方市豊里２－１,,0949-46-9989,A
竹村,真央,たけむら,まお,女,796-8059,八幡浜市榎町４７,,0894-45-7865,B
足立,景子,あだち,けいこ,女,370-0324,太田市河内町５－５－６,,0294-41-3248,AB
平川,春樹,ひらかわ,はるき,女,771-2183,美馬市中浜１－１３,,088-640-4828,A
島本,里美,しまもと,さとみ,女,302-0175,守谷市押切３０,,029-351-3589,O
大澤,亮,おおさわ,りょう,男,028-5741,二戸市南浜町１－２５－３,,0195-54-1270,A
山﨑,真吾,やまざき,しんご,男,895-2810,伊佐市下川原３－４２,,099-288-6791,O
伊藤,雄介,いとう,ゆうすけ,男,701-2630,美作市松木５－４７,ハイツ木村１０５,0868-84-1152,A
藤本,義和,ふじもと,よしかず,男,421-3130,静岡市清水区西大井１－９－２５,,054-390-9965,O
秋元,悦子,あきもと,えつこ,女,197-0018,福生市松風台１５８,,042-804-1509,AB
北澤,一,きたざわ,はじめ,男,022-0027,大船渡市長崎６８２,,0192-73-4995,O
西,恵里,にし,えり,女,230-0083,横浜市鶴見区松崎３－１７－４,,045-626-5469,O
武田,美穂子,たけだ,みほこ,女,357-0029,飯能市富岡１－１０－２７,,042-914-4005,O
吉田,優,よしだ,すぐる,男,969-1510,二本松市沖田１－２０－６,,0243-75-8245,A
片山,光子,かたやま,みつこ,女,222-0043,横浜市港北区安井６７３,,045-626-2241,O
藤田,万里,ふじた,まり,女,374-0050,館林市流通センター３－４０,,027-277-2508,O
後藤,麻美,ごとう,まみ,女,958-0029,村上市宮代３－４４,ハイツ佐藤７０８,0254-71-8861,O
深澤,博史,ふかさわ,ひろし,男,019-2740,秋田市恵美須町４－４７,,018-841-9957,A
平井,梓,ひらい,あずさ,女,410-1230,裾野市佐倉２－３６,,054-390-6353,O
高橋,翔平,たかはし,しょうへい,男,353-0078,志木市堀町５－２９,アドラブール６０２,048-801-8944,O
山口,啓二,やまぐち,けいじ,男,002-8118,石狩郡当別町細田６８,,0133-69-9603,A
江口,美貴,えぐち,みき,女,543-0029,大阪市天王寺区吉原町１－７,,06-6513-7769,O
細谷,由衣,ほそや,ゆい,女,520-3062,栗東市細越３－１９－１,,077-550-2789,AB
大島,真由美,おおしま,まゆみ,女,103-0090,中央区西大井３２,,03-5864-3648,B
緒方,聡子,おがた,さとこ,女,891-2173,垂水市小倉町５－２４,,099-288-9493,A
中井,誠,なかい,まこと,男,064-0957,札幌市中央区赤塚９２４,,011-469-2616,O
福元,竜也,ふくもと,たつや,男,100-0300,利島村福井５５,,04992-6-5550,O
川村,由美,かわむら,ゆみ,女,252-1152,綾瀬市谷地１１８９,,045-626-1967,A
水原,秀雄,みずはら,ひでお,男,099-3500,網走市谷川３－２８－１９,,0152-53-7052,A
松崎,彩乃,まつざき,あやの,男,428-0329,榛原郡川根本町暁４－１２－１０,,0548-68-5315,A
秋山,明子,あきやま,あきこ,女,300-4528,筑西市市８７,山口ハイツ３０８,029-351-6135,AB
川崎,理恵,かわさき,りえ,女,999-3788,東根市月見町１５７４,,023-659-9101,B
三船,昌子,みふね,まさこ,女,737-2175,江田島市中央３１,,082-808-2129,O
嶋田,智,しまだ,とも,男,311-1410,鉾田市下島８１８,,0291-45-1513,B
渡辺,奈月,わたなべ,なつき,女,665-0920,川西市吉木５－１,,078-540-5769,A
松原,美智子,まつばら,みちこ,女,925-0029,羽咋市新浜町５－８－５,,0767-39-4295,B
中上,佳代,なかがみ,かよ,女,261-7189,千葉市美浜区学園町４－２２－５,,043-398-6930,A
中島,等,なかしま,ひとし,男,529-1129,犬上郡豊郷町長崎７５８,,077-550-8408,A
青柳,麻帆,あおやぎ,まほ,女,100-0048,千代田区千年３８,サニーハウス千年８０１,0826-71-3459,B
坂上,亨,さかがみ,とおる,男,539-0079,大阪市中央区勝浦３－３８,,06-6513-5690,A
松田,由紀子,まつだ,ゆきこ,女,490-1130,あま市相生２－２５－２８,パビリオン相生５０８,052-534-9753,A
広瀬,仁,ひろせ,じん,男,610-0299,綴喜郡宇治田原町船越５－２５－２３,,075-609-1238,A
原田,勇,はらだ,いさむ,男,391-0300,茅野市新港町２－１９,ヴィラ井上９０４,026-404-6270,A
山田,圭太,やまだ,けいた,男,097-1192,礼文郡礼文町塩浜７６７,中村ハイツ９０６,011-469-9770,A
松本,哲,まつもと,てつ,男,563-0830,伊丹市美和８４６,伊藤団地５０９,078-540-2053,B
田中,愛,たなか,あい,女,454-0072,名古屋市中川区駅前１－１８－３０,パーク清水５０５,052-534-3271,B
齋藤,篤史,さいとう,あつし,男,529-1570,東近江市赤沢３－３６,,077-550-4415,A
田中,正美,たなか,まさみ,女,196-0054,昭島市腰越２－３６,,042-804-9317,A
柴崎,司,しばさき,つかさ,男,160-0024,新宿区高野町５－１６,,03-5864-6526,A
橋本,祐子,はしもと,ゆうこ,女,604-8870,京都市中京区蛭子町３－２,,075-609-2289,A
鎌田,久美子,かまだ,くみこ,女,070-0067,旭川市松川町３－３４,,0166-78-2623,O
松澤,貴子,まつざわ,たかこ,女,342-0029,吉川市金屋１－１９－５,,048-801-4724,A
宮川,誠,みやがわ,まこと,男,682-0950,倉吉市要町３－１２－６,,0858-54-3329,A
片山,久美子,かたやま,くみこ,女,475-0050,半田市幸４－１４－２６,セピアコート幸３０５,0569-75-9495,O
小倉,愛子,おぐら,あいこ,女,639-0315,葛城市松原５－１３－２９,,0742-98-1748,O
福山,俊昭,ふくやま,としあき,男,505-0050,美濃加茂市須賀町１３,,058-331-2892,A
黒柳,正,くろやなぎ,ただし,男,430-0830,浜松市東区竹原町２－２,,053-552-7993,A
田村,洋子,たむら,ようこ,女,296-0084,鴨川市白井９００,,04-7005-4688,AB
田村,裕一郎,たむら,ゆういちろう,男,669-2130,篠山市新地町５－１９,鈴木荘９０８,078-540-9749,A
大森,智子,おおもり,ともこ,女,521-1130,彦根市山根５－２,,0749-39-1653,O
横山,恵子,よこやま,けいこ,女,725-0078,竹原市中田町３－２６－７,,0846-37-1410,A
比嘉,雅彦,ひが,まさひこ,男,100-0510,新島村樋口３－２７,,04994-7-1223,AB
肥後,孝雄,ひご,たかお,男,063-0083,札幌市西区川崎町２－３－１８,エミネンス３０３,011-469-3642,O
谷口,純一,たにぐち,じゅんいち,男,430-0879,浜松市南区上２－４０,,053-552-1052,A
田中,希,たなか,のぞみ,女,246-0065,横浜市瀬谷区滝町４５３,,045-626-8315,O
有馬,裕太,ありま,ゆうた,男,170-0036,豊島区極楽寺７３９,,03-5864-1142,A
大内,哲郎,おおうち,てつろう,男,331-0090,さいたま市西区小町１９５０,サープラス小町２０４,048-801-3684,O
石田,健,いしだ,けん,男,619-1150,木津川市西浜２－１４－２８,,075-609-7608,A
難波,翔太,なんば,しょうた,男,955-0010,三条市光明寺３６,,0256-42-8693,A
中村,美咲,なかむら,みさき,女,323-0130,下野市富岡３,,028-697-8310,A
山下,浩美,やました,ひろみ,女,183-0037,府中市瑞穂５－１６,,0847-63-8377,A
久保,達朗,くぼ,たつろう,男,441-3429,田原市大網１０,ハイネス田中６０１,0465-94-9487,B
佐藤,智子,さとう,ともこ,女,545-6089,大阪市阿倍野区三軒町２７８,,06-6513-3661,A
松田,仁,まつだ,ひとし,男,561-0890,豊中市田村町５－３４,,06-6513-8181,B
松島,翠,まつしま,みどり,女,300-4498,桜川市岡１－１５－１５,,029-351-4020,AB
佐藤,豊,さとう,ゆたか,男,532-0020,大阪市淀川区大坂１－１６－２,,06-6513-6349,A
黒沢,莉奈,くろさわ,りな,女,868-0339,球磨郡錦町陽光台１－３－２９,,096-266-8286,A
高橋,一将,たかはし,かずまさ,男,112-0017,文京区白木２－２９,,03-5864-4140,O
吉澤,弥生,よしざわ,やよい,女,946-0074,魚沼市大谷口１－２２－１２,,025-323-3215,A
前田,俊夫,まえだ,としお,男,253-0078,茅ヶ崎市光ケ丘５８０,,045-626-7751,B
太田,茂,おおた,しげる,男,651-2410,神戸市西区丸之内１１５,松本コーポ２０５,078-540-7408,A
石丸,美子,いしまる,よしこ,女,491-0010,一宮市紺屋町３２,,0587-28-1578,O
清川,菜穂子,きよかわ,なほこ,女,822-0185,宮若市柏１－２２－１７,,092-540-8958,A
荒井,和之,あらい,かずゆき,男,259-1129,伊勢原市小原町１４２,,045-626-7671,B
寺田,裕樹,てらだ,ゆうき,男,370-0324,太田市蒲生５－６－２８,,0294-41-2008,AB
梶原,光雄,かじわら,みつお,男,649-1130,日高郡由良町竹田４２,,073-438-7461,O
山田,梨奈,やまだ,りな,女,728-0071,三次市高谷１３３９,,0824-49-6627,B
藤井,邦彦,ふじい,くにひこ,男,389-2288,妙高市橋本町８５１,,025-323-9269,O
古田,千尋,ふるた,ちひろ,女,171-0050,豊島区立田町７５,,03-5864-1386,O
山本,仁美,やまもと,ひとみ,女,400-1540,中央市河内町５－３,,055-248-4877,A
藤井,玲子,ふじい,れいこ,女,979-2460,南相馬市今宿町１７３５,,024-579-2975,A
中村,美穂,なかむら,みほ,女,694-0029,大田市宮城９２,,0852-79-6529,A
佐々木,圭司,ささき,けいじ,男,925-0008,羽咋市古市３－１３－２１,,0767-39-5642,A
吉川,秀樹,よしかわ,ひでき,男,883-0390,東臼杵郡美郷町羽黒７２,,0985-91-3298,O
小田切,藍,おだぎり,あい,女,353-0029,志木市佐野町２０１,コーポ小林９０２,048-801-5900,B
八代,美穂,やしろ,みほ,女,402-0060,都留市小堤１３５８,,055-248-6010,B